City,State,Wind Speed,Date
BIRMINGHAM,AL,6.9,2022-01-01
HUNTSVILLE,AL,8.3,2022-01-01
MOBILE,AL,8.5,2022-01-01
MONTGOMERY,AL,7.0,2022-01-01
ANCHORAGE,AK,6.3,2022-01-01
ANNETTE,AK,9.0,2022-01-01
BARROW,AK,12.7,2022-01-01
BETHEL,AK,14.1,2022-01-01
BETTLES,AK,4.6,2022-01-01
BIG DELTA,AK,12.0,2022-01-01
COLD BAY,AK,16.4,2022-01-01
FAIRBANKS,AK,2.4,2022-01-01
GULKANA,AK,3.0,2022-01-01
HOMER,AK,7.0,2022-01-01
JUNEAU,AK,7.3,2022-01-01
KING SALMON,AK,10.1,2022-01-01
KODIAK,AK,12.0,2022-01-01
KOTZEBUE,AK,12.0,2022-01-01
MCGRATH,AK,2.9,2022-01-01
NOME,AK,9.2,2022-01-01
TALKEETNA,AK,5.2,2022-01-01
VALDEZ,AK,7.0,2022-01-01
YAKUTAT,AK,5.7,2022-01-01
FLAGSTAFF,AZ,6.0,2022-01-01
PHOENIX,AZ,4.9,2022-01-01
TUCSON,AZ,7.1,2022-01-01
WINSLOW,AZ,6.1,2022-01-01
FORT SMITH,AR,7.7,2022-01-01
LITTLE ROCK,AR,7.7,2022-01-01
BAKERSFIELD,CA,4.9,2022-01-01
BISHOP,CA,7.1,2022-01-01
BLUE CANYON,CA,5.5,2022-01-01
FRESNO,CA,4.1,2022-01-01
LONG BEACH,CA,4.4,2022-01-01
LOS ANGELES,CA,1.4,2022-01-01
REDDING,CA,5.4,2022-01-01
SACRAMENTO,CA,5.0,2022-01-01
SAN DIEGO,CA,5.1,2022-01-01
SAN FRANCISCO,CA,6.8,2022-01-01
SANTA BARBARA,CA,4.3,2022-01-01
SANTA MARIA,CA,6.3,2022-01-01
STOCKTON,CA,6.0,2022-01-01
ALAMOSA,CO,5.2,2022-01-01
COLORADO SPRINGS,CO,8.8,2022-01-01
DENVER,CO,7.8,2022-01-01
GRAND JUNCTION,CO,5.3,2022-01-01
PUEBLO,CO,7.2,2022-01-01
BRIDGEPORT,CT,10.1,2022-01-01
HARTFORD,CT,8.3,2022-01-01
WILMINGTON,DE,9.2,2022-01-01
WASHINGTON DULLES,DC,7.8,2022-01-01
DAYTONA BEACH,FL,7.3,2022-01-01
FORT MYERS,FL,7.5,2022-01-01
GAINESVILLE,FL,6.4,2022-01-01
JACKSONVILLE,FL,7.0,2022-01-01
KEY WEST,FL,10.8,2022-01-01
MIAMI,FL,8.6,2022-01-01
ORLANDO,FL,8.3,2022-01-01
PENSACOLA,FL,8.6,2022-01-01
TALLAHASSEE,FL,5.8,2022-01-01
TAMPA,FL,7.2,2022-01-01
VERO BEACH,FL,8.5,2022-01-01
WEST PALM BEACH,FL,9.9,2022-01-01
ATHENS,GA,7.1,2022-01-01
ATLANTA,GA,9.3,2022-01-01
AUGUSTA,GA,6.1,2022-01-01
COLUMBUS,GA,6.5,2022-01-01
MACON,GA,6.6,2022-01-01
SAVANNAH,GA,7.3,2022-01-01
HILO,HI,6.9,2022-01-01
HONOLULU,HI,8.5,2022-01-01
KAHULUI,HI,10.6,2022-01-01
LIHUE,HI,11.9,2022-01-01
BOISE,ID,6.5,2022-01-01
LEWISTON,ID,6.4,2022-01-01
POCATELLO,ID,9.2,2022-01-01
CHICAGO,IL,11.1,2022-01-01
MOLINE,IL,9.7,2022-01-01
PEORIA,IL,9.4,2022-01-01
ROCKFORD,IL,10.0,2022-01-01
SPRINGFIELD,IL,10.9,2022-01-01
EVANSVILLE,IN,8.2,2022-01-01
FORT WAYNE,IN,11.0,2022-01-01
INDIANAPOLIS,IN,10.9,2022-01-01
SOUTH BEND,IN,10.8,2022-01-01
DES MOINES,IA,10.6,2022-01-01
DUBUQUE,IA,11.4,2022-01-01
SIOUX CITY,IA,11.1,2022-01-01
WATERLOO,IA,10.6,2022-01-01
CONCORDIA,KS,10.8,2022-01-01
DODGE CITY,KS,12.4,2022-01-01
GOODLAND,KS,11.9,2022-01-01
TOPEKA,KS,8.3,2022-01-01
WICHITA,KS,11.1,2022-01-01
JACKSON,KY,6.1,2022-01-01
LEXINGTON,KY,9.5,2022-01-01
LOUISVILLE,KY,9.0,2022-01-01
PADUCAH,KY,8.3,2022-01-01
BATON ROUGE,LA,7.2,2022-01-01
LAKE CHARLES,LA,8.7,2022-01-01
NEW ORLEANS,LA,9.1,2022-01-01
SHREVEPORT,LA,8.1,2022-01-01
CARIBOU,ME,8.4,2022-01-01
PORTLAND,ME,8.1,2022-01-01
BALTIMORE,MD,7.9,2022-01-01
BOSTON,MA,12.6,2022-01-01
WORCESTER,MA,11.4,2022-01-01
ALPENA,MI,8.3,2022-01-01
DETROIT,MI,11.0,2022-01-01
FLINT,MI,10.4,2022-01-01
GRAND RAPIDS,MI,10.8,2022-01-01
HOUGHTON LAKE,MI,8.7,2022-01-01
LANSING,MI,10.5,2022-01-01
MUSKEGON,MI,11.4,2022-01-01
DULUTH,MN,10.6,2022-01-01
INTERNATIONAL FALLS,MN,7.7,2022-01-01
ROCHESTER,MN,13.4,2022-01-01
SAINT CLOUD,MN,8.5,2022-01-01
JACKSON,MS,7.2,2022-01-01
MERIDIAN,MS,6.8,2022-01-01
TUPELO,MS,7.4,2022-01-01
COLUMBIA,MO,10.4,2022-01-01
KANSAS CITY,MO,10.9,2022-01-01
SPRINGFIELD,MO,10.1,2022-01-01
BILLINGS,MT,13.4,2022-01-01
GLASGOW,MT,9.5,2022-01-01
GREAT FALLS,MT,14.0,2022-01-01
HAVRE,MT,10.1,2022-01-01
HELENA,MT,5.7,2022-01-01
KALISPELL,MT,4.3,2022-01-01
MISSOULA,MT,4.0,2022-01-01
GRAND ISLAND,NE,11.2,2022-01-01
LINCOLN,NE,9.4,2022-01-01
NORFOLK,NE,11.0,2022-01-01
NORTH PLATTE,NE,8.5,2022-01-01
OMAHA,NE,10.3,2022-01-01
SCOTTSBLUFF,NE,9.9,2022-01-01
VALENTINE,NE,9.4,2022-01-01
ELKO,NV,4.8,2022-01-01
ELY,NV,9.0,2022-01-01
LAS VEGAS,NV,6.7,2022-01-01
RENO,NV,4.6,2022-01-01
WINNEMUCCA,NV,7.0,2022-01-01
CONCORD,NH,6.6,2022-01-01
ATLANTIC CITY,NJ,9.5,2022-01-01
NEWARK,NJ,10.7,2022-01-01
ALBUQUERQUE,NM,7.3,2022-01-01
CLAYTON,NM,11.6,2022-01-01
ROSWELL,NM,7.4,2022-01-01
ALBANY,NY,8.7,2022-01-01
BINGHAMTON,NY,9.8,2022-01-01
BUFFALO,NY,12.4,2022-01-01
ISLIP,NY,10.0,2022-01-01
NEW YORK JFK AP,NY,12.6,2022-01-01
ROCHESTER,NY,10.6,2022-01-01
SYRACUSE,NY,9.7,2022-01-01
ASHEVILLE,NC,8.5,2022-01-01
CAPE HATTERAS,NC,10.0,2022-01-01
CHARLOTTE,NC,6.6,2022-01-01
RALEIGH,NC,6.8,2022-01-01
WILMINGTON,NC,8.0,2022-01-01
BISMARCK,ND,9.2,2022-01-01
FARGO,ND,11.3,2022-01-01
GRAND FORKS,ND,11.0,2022-01-01
WILLISTON,ND,8.8,2022-01-01
AKRON,OH,11.0,2022-01-01
CINCINNATI,OH,9.7,2022-01-01
CLEVELAND,OH,11.4,2022-01-01
COLUMBUS,OH,9.2,2022-01-01
DAYTON,OH,11.1,2022-01-01
MANSFIELD,OH,11.7,2022-01-01
TOLEDO,OH,10.4,2022-01-01
YOUNGSTOWN,OH,10.2,2022-01-01
OKLAHOMA CITY,OK,11.6,2022-01-01
TULSA,OK,9.4,2022-01-01
ASTORIA,OR,8.4,2022-01-01
BURNS,OR,4.8,2022-01-01
EUGENE,OR,6.9,2022-01-01
MEDFORD,OR,3.1,2022-01-01
PENDLETON,OR,6.9,2022-01-01
PORTLAND,OR,9.2,2022-01-01
SALEM,OR,6.9,2022-01-01
SEXTON SUMMIT,OR,11.1,2022-01-01
ALLENTOWN,PA,8.2,2022-01-01
ERIE,PA,12.0,2022-01-01
PHILADELPHIA,PA,9.9,2022-01-01
PITTSBURGH,PA,9.2,2022-01-01
AVOCA,PA,7.7,2022-01-01
WILLIAMSPORT,PA,7.6,2022-01-01
PROVIDENCE,RI,9.7,2022-01-01
CHARLESTON,SC,8.2,2022-01-01
COLUMBIA,SC,6.6,2022-01-01
ABERDEEN,SD,10.5,2022-01-01
HURON,SD,10.5,2022-01-01
RAPID CITY,SD,10.3,2022-01-01
SIOUX FALLS,SD,10.3,2022-01-01
CHATTANOOGA,TN,5.8,2022-01-01
KNOXVILLE,TN,6.7,2022-01-01
MEMPHIS,TN,8.9,2022-01-01
NASHVILLE,TN,8.0,2022-01-01
ABILENE,TX,10.7,2022-01-01
AMARILLO,TX,12.1,2022-01-01
AUSTIN,TX,6.7,2022-01-01
BROWNSVILLE,TX,10.0,2022-01-01
CORPUS CHRISTI,TX,11.8,2022-01-01
DALLAS,TX,8.9,2022-01-01
DEL RIO,TX,7.3,2022-01-01
EL PASO,TX,7.4,2022-01-01
GALVESTON,TX,11.5,2022-01-01
HOUSTON,TX,7.9,2022-01-01
LUBBOCK,TX,11.7,2022-01-01
PORT ARTHUR,TX,9.5,2022-01-01
SAN ANGELO,TX,9.6,2022-01-01
SAN ANTONIO,TX,7.6,2022-01-01
VICTORIA,TX,9.7,2022-01-01
WACO,TX,9.9,2022-01-01
WICHITA FALLS,TX,10.9,2022-01-01
SALT LAKE CITY,UT,6.5,2022-01-01
BURLINGTON,VT,9.2,2022-01-01
LYNCHBURG,VA,6.3,2022-01-01
NORFOLK,VA,10.0,2022-01-01
RICHMOND,VA,8.2,2022-01-01
ROANOKE,VA,8.0,2022-01-01
WALLOPS ISLAND,VA,9.3,2022-01-01
OLYMPIA,WA,6.0,2022-01-01
QUILLAYUTE,WA,6.3,2022-01-01
SEATTLE,WA,8.4,2022-01-01
SPOKANE,WA,8.2,2022-01-01
WALLA WALLA,WA,7.1,2022-01-01
YAKIMA,WA,4.4,2022-01-01
BECKLEY,WV,8.6,2022-01-01
CHARLESTON,WV,5.8,2022-01-01
ELKINS,WV,6.0,2022-01-01
HUNTINGTON,WV,6.9,2022-01-01
GREEN BAY,WI,9.6,2022-01-01
LA CROSSE,WI,8.6,2022-01-01
MADISON,WI,8.6,2022-01-01
MILWAUKEE,WI,11.0,2022-01-01
CASPER,WY,15.5,2022-01-01
CHEYENNE,WY,14.3,2022-01-01
LANDER,WY,4.8,2022-01-01
SHERIDAN,WY,6.7,2022-01-01
GUAM,PC,11.7,2022-01-01
KOROR,PC,6.8,2022-01-01
SAN JUAN,PR,7.7,2022-01-01
BIRMINGHAM,AL,7.4,2022-02-01
HUNTSVILLE,AL,8.7,2022-02-01
MOBILE,AL,8.9,2022-02-01
MONTGOMERY,AL,7.3,2022-02-01
ANCHORAGE,AK,6.4,2022-02-01
ANNETTE,AK,8.5,2022-02-01
BARROW,AK,12.9,2022-02-01
BETHEL,AK,13.8,2022-02-01
BETTLES,AK,5.0,2022-02-01
BIG DELTA,AK,11.3,2022-02-01
COLD BAY,AK,17.4,2022-02-01
FAIRBANKS,AK,3.0,2022-02-01
GULKANA,AK,4.0,2022-02-01
HOMER,AK,7.0,2022-02-01
JUNEAU,AK,7.4,2022-02-01
KING SALMON,AK,10.5,2022-02-01
KODIAK,AK,11.9,2022-02-01
KOTZEBUE,AK,12.8,2022-02-01
MCGRATH,AK,3.7,2022-02-01
NOME,AK,10.3,2022-02-01
TALKEETNA,AK,5.0,2022-02-01
VALDEZ,AK,6.8,2022-02-01
YAKUTAT,AK,5.6,2022-02-01
FLAGSTAFF,AZ,6.6,2022-02-01
PHOENIX,AZ,5.6,2022-02-01
TUCSON,AZ,7.4,2022-02-01
WINSLOW,AZ,7.6,2022-02-01
FORT SMITH,AR,8.1,2022-02-01
LITTLE ROCK,AR,8.1,2022-02-01
BAKERSFIELD,CA,5.6,2022-02-01
BISHOP,CA,8.1,2022-02-01
BLUE CANYON,CA,6.2,2022-02-01
FRESNO,CA,5.0,2022-02-01
LONG BEACH,CA,5.4,2022-02-01
LOS ANGELES,CA,1.9,2022-02-01
REDDING,CA,6.6,2022-02-01
SACRAMENTO,CA,6.0,2022-02-01
SAN DIEGO,CA,6.1,2022-02-01
SAN FRANCISCO,CA,8.7,2022-02-01
SANTA BARBARA,CA,5.5,2022-02-01
SANTA MARIA,CA,7.2,2022-02-01
STOCKTON,CA,7.3,2022-02-01
ALAMOSA,CO,6.8,2022-02-01
COLORADO SPRINGS,CO,9.5,2022-02-01
DENVER,CO,7.8,2022-02-01
GRAND JUNCTION,CO,6.4,2022-02-01
PUEBLO,CO,8.0,2022-02-01
BRIDGEPORT,CT,10.3,2022-02-01
HARTFORD,CT,8.8,2022-02-01
WILMINGTON,DE,9.6,2022-02-01
WASHINGTON DULLES,DC,8.0,2022-02-01
DAYTONA BEACH,FL,7.5,2022-02-01
FORT MYERS,FL,7.6,2022-02-01
GAINESVILLE,FL,6.8,2022-02-01
JACKSONVILLE,FL,7.3,2022-02-01
KEY WEST,FL,10.6,2022-02-01
MIAMI,FL,8.8,2022-02-01
ORLANDO,FL,8.4,2022-02-01
PENSACOLA,FL,8.9,2022-02-01
TALLAHASSEE,FL,6.1,2022-02-01
TAMPA,FL,7.4,2022-02-01
VERO BEACH,FL,8.7,2022-02-01
WEST PALM BEACH,FL,10.0,2022-02-01
ATHENS,GA,7.2,2022-02-01
ATLANTA,GA,9.5,2022-02-01
AUGUSTA,GA,6.5,2022-02-01
COLUMBUS,GA,6.8,2022-02-01
MACON,GA,6.9,2022-02-01
SAVANNAH,GA,7.7,2022-02-01
HILO,HI,7.2,2022-02-01
HONOLULU,HI,9.1,2022-02-01
KAHULUI,HI,11.2,2022-02-01
LIHUE,HI,12.4,2022-02-01
BOISE,ID,7.7,2022-02-01
LEWISTON,ID,5.8,2022-02-01
POCATELLO,ID,9.8,2022-02-01
CHICAGO,IL,10.9,2022-02-01
MOLINE,IL,9.5,2022-02-01
PEORIA,IL,9.2,2022-02-01
ROCKFORD,IL,10.1,2022-02-01
SPRINGFIELD,IL,10.7,2022-02-01
EVANSVILLE,IN,8.2,2022-02-01
FORT WAYNE,IN,10.5,2022-02-01
INDIANAPOLIS,IN,10.8,2022-02-01
SOUTH BEND,IN,10.4,2022-02-01
DES MOINES,IA,10.4,2022-02-01
DUBUQUE,IA,11.4,2022-02-01
SIOUX CITY,IA,11.1,2022-02-01
WATERLOO,IA,10.6,2022-02-01
CONCORDIA,KS,11.1,2022-02-01
DODGE CITY,KS,13.0,2022-02-01
GOODLAND,KS,12.4,2022-02-01
TOPEKA,KS,8.5,2022-02-01
WICHITA,KS,11.6,2022-02-01
JACKSON,KY,6.2,2022-02-01
LEXINGTON,KY,9.3,2022-02-01
LOUISVILLE,KY,9.0,2022-02-01
PADUCAH,KY,8.4,2022-02-01
BATON ROUGE,LA,7.7,2022-02-01
LAKE CHARLES,LA,9.1,2022-02-01
NEW ORLEANS,LA,9.4,2022-02-01
SHREVEPORT,LA,8.5,2022-02-01
CARIBOU,ME,8.5,2022-02-01
PORTLAND,ME,8.5,2022-02-01
BALTIMORE,MD,8.2,2022-02-01
BOSTON,MA,12.6,2022-02-01
WORCESTER,MA,11.5,2022-02-01
ALPENA,MI,8.4,2022-02-01
DETROIT,MI,10.5,2022-02-01
FLINT,MI,10.2,2022-02-01
GRAND RAPIDS,MI,10.6,2022-02-01
HOUGHTON LAKE,MI,8.5,2022-02-01
LANSING,MI,10.2,2022-02-01
MUSKEGON,MI,10.9,2022-02-01
DULUTH,MN,10.5,2022-02-01
INTERNATIONAL FALLS,MN,7.9,2022-02-01
ROCHESTER,MN,13.2,2022-02-01
SAINT CLOUD,MN,8.5,2022-02-01
JACKSON,MS,7.5,2022-02-01
MERIDIAN,MS,7.3,2022-02-01
TUPELO,MS,7.9,2022-02-01
COLUMBIA,MO,10.5,2022-02-01
KANSAS CITY,MO,10.9,2022-02-01
SPRINGFIELD,MO,10.3,2022-02-01
BILLINGS,MT,11.9,2022-02-01
GLASGOW,MT,9.5,2022-02-01
GREAT FALLS,MT,12.2,2022-02-01
HAVRE,MT,9.3,2022-02-01
HELENA,MT,6.4,2022-02-01
KALISPELL,MT,5.0,2022-02-01
MISSOULA,MT,4.9,2022-02-01
GRAND ISLAND,NE,11.6,2022-02-01
LINCOLN,NE,9.8,2022-02-01
NORFOLK,NE,11.2,2022-02-01
NORTH PLATTE,NE,9.2,2022-02-01
OMAHA,NE,10.5,2022-02-01
SCOTTSBLUFF,NE,10.4,2022-02-01
VALENTINE,NE,9.6,2022-02-01
ELKO,NV,5.5,2022-02-01
ELY,NV,9.3,2022-02-01
LAS VEGAS,NV,7.7,2022-02-01
RENO,NV,5.8,2022-02-01
WINNEMUCCA,NV,7.9,2022-02-01
CONCORD,NH,7.1,2022-02-01
ATLANTIC CITY,NJ,10.0,2022-02-01
NEWARK,NJ,10.9,2022-02-01
ALBUQUERQUE,NM,8.3,2022-02-01
CLAYTON,NM,12.5,2022-02-01
ROSWELL,NM,8.7,2022-02-01
ALBANY,NY,9.0,2022-02-01
BINGHAMTON,NY,9.9,2022-02-01
BUFFALO,NY,11.8,2022-02-01
ISLIP,NY,10.2,2022-02-01
NEW YORK JFK AP,NY,12.6,2022-02-01
ROCHESTER,NY,10.4,2022-02-01
SYRACUSE,NY,9.6,2022-02-01
ASHEVILLE,NC,8.4,2022-02-01
CAPE HATTERAS,NC,10.1,2022-02-01
CHARLOTTE,NC,7.1,2022-02-01
RALEIGH,NC,7.2,2022-02-01
WILMINGTON,NC,8.4,2022-02-01
BISMARCK,ND,9.0,2022-02-01
FARGO,ND,11.5,2022-02-01
GRAND FORKS,ND,10.7,2022-02-01
WILLISTON,ND,8.7,2022-02-01
AKRON,OH,10.5,2022-02-01
CINCINNATI,OH,9.7,2022-02-01
CLEVELAND,OH,10.7,2022-02-01
COLUMBUS,OH,8.9,2022-02-01
DAYTON,OH,10.8,2022-02-01
MANSFIELD,OH,11.0,2022-02-01
TOLEDO,OH,10.0,2022-02-01
YOUNGSTOWN,OH,9.8,2022-02-01
OKLAHOMA CITY,OK,12.2,2022-02-01
TULSA,OK,9.7,2022-02-01
ASTORIA,OR,8.1,2022-02-01
BURNS,OR,6.2,2022-02-01
EUGENE,OR,7.1,2022-02-01
MEDFORD,OR,3.8,2022-02-01
PENDLETON,OR,7.4,2022-02-01
PORTLAND,OR,8.5,2022-02-01
SALEM,OR,6.9,2022-02-01
SEXTON SUMMIT,OR,9.8,2022-02-01
ALLENTOWN,PA,8.6,2022-02-01
ERIE,PA,10.9,2022-02-01
PHILADELPHIA,PA,10.3,2022-02-01
PITTSBURGH,PA,9.1,2022-02-01
AVOCA,PA,7.9,2022-02-01
WILLIAMSPORT,PA,7.7,2022-02-01
PROVIDENCE,RI,10.0,2022-02-01
CHARLESTON,SC,8.6,2022-02-01
COLUMBIA,SC,6.9,2022-02-01
ABERDEEN,SD,10.7,2022-02-01
HURON,SD,10.6,2022-02-01
RAPID CITY,SD,10.8,2022-02-01
SIOUX FALLS,SD,10.4,2022-02-01
CHATTANOOGA,TN,6.2,2022-02-01
KNOXVILLE,TN,7.1,2022-02-01
MEMPHIS,TN,9.4,2022-02-01
NASHVILLE,TN,8.3,2022-02-01
ABILENE,TX,11.4,2022-02-01
AMARILLO,TX,12.9,2022-02-01
AUSTIN,TX,7.2,2022-02-01
BROWNSVILLE,TX,11.3,2022-02-01
CORPUS CHRISTI,TX,12.8,2022-02-01
DALLAS,TX,10.0,2022-02-01
DEL RIO,TX,8.2,2022-02-01
EL PASO,TX,8.5,2022-02-01
GALVESTON,TX,11.8,2022-02-01
HOUSTON,TX,8.4,2022-02-01
LUBBOCK,TX,12.4,2022-02-01
PORT ARTHUR,TX,10.1,2022-02-01
SAN ANGELO,TX,10.3,2022-02-01
SAN ANTONIO,TX,8.1,2022-02-01
VICTORIA,TX,10.3,2022-02-01
WACO,TX,10.6,2022-02-01
WICHITA FALLS,TX,11.5,2022-02-01
SALT LAKE CITY,UT,7.7,2022-02-01
BURLINGTON,VT,8.6,2022-02-01
LYNCHBURG,VA,6.5,2022-02-01
NORFOLK,VA,10.3,2022-02-01
RICHMOND,VA,8.5,2022-02-01
ROANOKE,VA,8.0,2022-02-01
WALLOPS ISLAND,VA,9.7,2022-02-01
OLYMPIA,WA,5.9,2022-02-01
QUILLAYUTE,WA,6.2,2022-02-01
SEATTLE,WA,8.5,2022-02-01
SPOKANE,WA,8.5,2022-02-01
WALLA WALLA,WA,7.6,2022-02-01
YAKIMA,WA,5.5,2022-02-01
BECKLEY,WV,8.5,2022-02-01
CHARLESTON,WV,5.7,2022-02-01
ELKINS,WV,6.1,2022-02-01
HUNTINGTON,WV,6.9,2022-02-01
GREEN BAY,WI,9.6,2022-02-01
LA CROSSE,WI,8.6,2022-02-01
MADISON,WI,8.7,2022-02-01
MILWAUKEE,WI,10.8,2022-02-01
CASPER,WY,13.9,2022-02-01
CHEYENNE,WY,13.6,2022-02-01
LANDER,WY,5.2,2022-02-01
SHERIDAN,WY,7.1,2022-02-01
GUAM,PC,12.0,2022-02-01
KOROR,PC,7.0,2022-02-01
SAN JUAN,PR,8.2,2022-02-01
BIRMINGHAM,AL,7.6,2022-03-01
HUNTSVILLE,AL,8.9,2022-03-01
MOBILE,AL,8.9,2022-03-01
MONTGOMERY,AL,7.2,2022-03-01
ANCHORAGE,AK,7.0,2022-03-01
ANNETTE,AK,8.7,2022-03-01
BARROW,AK,11.8,2022-03-01
BETHEL,AK,12.8,2022-03-01
BETTLES,AK,5.7,2022-03-01
BIG DELTA,AK,9.7,2022-03-01
COLD BAY,AK,16.4,2022-03-01
FAIRBANKS,AK,4.6,2022-03-01
GULKANA,AK,5.7,2022-03-01
HOMER,AK,7.2,2022-03-01
JUNEAU,AK,7.7,2022-03-01
KING SALMON,AK,10.2,2022-03-01
KODIAK,AK,12.2,2022-03-01
KOTZEBUE,AK,10.7,2022-03-01
MCGRATH,AK,4.9,2022-03-01
NOME,AK,8.7,2022-03-01
TALKEETNA,AK,5.2,2022-03-01
VALDEZ,AK,6.8,2022-03-01
YAKUTAT,AK,5.9,2022-03-01
FLAGSTAFF,AZ,6.8,2022-03-01
PHOENIX,AZ,6.3,2022-03-01
TUCSON,AZ,7.8,2022-03-01
WINSLOW,AZ,8.8,2022-03-01
FORT SMITH,AR,8.6,2022-03-01
LITTLE ROCK,AR,8.6,2022-03-01
BAKERSFIELD,CA,6.2,2022-03-01
BISHOP,CA,9.3,2022-03-01
BLUE CANYON,CA,6.3,2022-03-01
FRESNO,CA,5.9,2022-03-01
LONG BEACH,CA,5.9,2022-03-01
LOS ANGELES,CA,2.1,2022-03-01
REDDING,CA,6.9,2022-03-01
SACRAMENTO,CA,6.6,2022-03-01
SAN DIEGO,CA,6.6,2022-03-01
SAN FRANCISCO,CA,10.4,2022-03-01
SANTA BARBARA,CA,6.2,2022-03-01
SANTA MARIA,CA,8.1,2022-03-01
STOCKTON,CA,7.8,2022-03-01
ALAMOSA,CO,8.7,2022-03-01
COLORADO SPRINGS,CO,10.5,2022-03-01
DENVER,CO,8.9,2022-03-01
GRAND JUNCTION,CO,7.9,2022-03-01
PUEBLO,CO,9.2,2022-03-01
BRIDGEPORT,CT,10.8,2022-03-01
HARTFORD,CT,9.4,2022-03-01
WILMINGTON,DE,10.3,2022-03-01
WASHINGTON DULLES,DC,8.5,2022-03-01
DAYTONA BEACH,FL,8.0,2022-03-01
FORT MYERS,FL,8.2,2022-03-01
GAINESVILLE,FL,7.1,2022-03-01
JACKSONVILLE,FL,7.8,2022-03-01
KEY WEST,FL,11.0,2022-03-01
MIAMI,FL,9.7,2022-03-01
ORLANDO,FL,9.0,2022-03-01
PENSACOLA,FL,9.2,2022-03-01
TALLAHASSEE,FL,6.4,2022-03-01
TAMPA,FL,7.9,2022-03-01
VERO BEACH,FL,9.5,2022-03-01
WEST PALM BEACH,FL,11.0,2022-03-01
ATHENS,GA,7.2,2022-03-01
ATLANTA,GA,9.5,2022-03-01
AUGUSTA,GA,6.8,2022-03-01
COLUMBUS,GA,7.0,2022-03-01
MACON,GA,7.0,2022-03-01
SAVANNAH,GA,8.2,2022-03-01
HILO,HI,7.2,2022-03-01
HONOLULU,HI,10.1,2022-03-01
KAHULUI,HI,12.2,2022-03-01
LIHUE,HI,13.4,2022-03-01
BOISE,ID,8.7,2022-03-01
LEWISTON,ID,6.2,2022-03-01
POCATELLO,ID,10.7,2022-03-01
CHICAGO,IL,11.1,2022-03-01
MOLINE,IL,10.2,2022-03-01
PEORIA,IL,9.9,2022-03-01
ROCKFORD,IL,10.7,2022-03-01
SPRINGFIELD,IL,11.3,2022-03-01
EVANSVILLE,IN,8.3,2022-03-01
FORT WAYNE,IN,10.6,2022-03-01
INDIANAPOLIS,IN,11.1,2022-03-01
SOUTH BEND,IN,10.4,2022-03-01
DES MOINES,IA,11.1,2022-03-01
DUBUQUE,IA,11.8,2022-03-01
SIOUX CITY,IA,11.7,2022-03-01
WATERLOO,IA,11.3,2022-03-01
CONCORDIA,KS,12.4,2022-03-01
DODGE CITY,KS,14.3,2022-03-01
GOODLAND,KS,13.3,2022-03-01
TOPEKA,KS,9.7,2022-03-01
WICHITA,KS,12.9,2022-03-01
JACKSON,KY,6.3,2022-03-01
LEXINGTON,KY,9.4,2022-03-01
LOUISVILLE,KY,9.1,2022-03-01
PADUCAH,KY,8.8,2022-03-01
BATON ROUGE,LA,7.6,2022-03-01
LAKE CHARLES,LA,8.9,2022-03-01
NEW ORLEANS,LA,9.2,2022-03-01
SHREVEPORT,LA,8.7,2022-03-01
CARIBOU,ME,9.1,2022-03-01
PORTLAND,ME,9.3,2022-03-01
BALTIMORE,MD,8.8,2022-03-01
BOSTON,MA,12.8,2022-03-01
WORCESTER,MA,11.4,2022-03-01
ALPENA,MI,8.4,2022-03-01
DETROIT,MI,10.4,2022-03-01
FLINT,MI,10.2,2022-03-01
GRAND RAPIDS,MI,10.5,2022-03-01
HOUGHTON LAKE,MI,8.5,2022-03-01
LANSING,MI,10.1,2022-03-01
MUSKEGON,MI,10.6,2022-03-01
DULUTH,MN,10.5,2022-03-01
INTERNATIONAL FALLS,MN,8.3,2022-03-01
ROCHESTER,MN,13.3,2022-03-01
SAINT CLOUD,MN,9.0,2022-03-01
JACKSON,MS,7.6,2022-03-01
MERIDIAN,MS,7.3,2022-03-01
TUPELO,MS,8.0,2022-03-01
COLUMBIA,MO,11.2,2022-03-01
KANSAS CITY,MO,11.9,2022-03-01
SPRINGFIELD,MO,11.0,2022-03-01
BILLINGS,MT,10.8,2022-03-01
GLASGOW,MT,11.1,2022-03-01
GREAT FALLS,MT,11.8,2022-03-01
HAVRE,MT,9.8,2022-03-01
HELENA,MT,7.4,2022-03-01
KALISPELL,MT,6.0,2022-03-01
MISSOULA,MT,5.8,2022-03-01
GRAND ISLAND,NE,12.6,2022-03-01
LINCOLN,NE,11.1,2022-03-01
NORFOLK,NE,12.0,2022-03-01
NORTH PLATTE,NE,10.4,2022-03-01
OMAHA,NE,11.4,2022-03-01
SCOTTSBLUFF,NE,11.0,2022-03-01
VALENTINE,NE,10.4,2022-03-01
ELKO,NV,6.3,2022-03-01
ELY,NV,9.9,2022-03-01
LAS VEGAS,NV,9.3,2022-03-01
RENO,NV,7.5,2022-03-01
WINNEMUCCA,NV,8.3,2022-03-01
CONCORD,NH,7.4,2022-03-01
ATLANTIC CITY,NJ,10.6,2022-03-01
NEWARK,NJ,11.2,2022-03-01
ALBUQUERQUE,NM,9.0,2022-03-01
CLAYTON,NM,13.0,2022-03-01
ROSWELL,NM,9.6,2022-03-01
ALBANY,NY,9.6,2022-03-01
BINGHAMTON,NY,10.0,2022-03-01
BUFFALO,NY,11.1,2022-03-01
ISLIP,NY,10.7,2022-03-01
NEW YORK JFK AP,NY,12.9,2022-03-01
ROCHESTER,NY,10.2,2022-03-01
SYRACUSE,NY,9.6,2022-03-01
ASHEVILLE,NC,8.3,2022-03-01
CAPE HATTERAS,NC,10.5,2022-03-01
CHARLOTTE,NC,7.6,2022-03-01
RALEIGH,NC,7.8,2022-03-01
WILMINGTON,NC,9.0,2022-03-01
BISMARCK,ND,10.1,2022-03-01
FARGO,ND,11.9,2022-03-01
GRAND FORKS,ND,11.0,2022-03-01
WILLISTON,ND,9.4,2022-03-01
AKRON,OH,10.4,2022-03-01
CINCINNATI,OH,9.9,2022-03-01
CLEVELAND,OH,10.7,2022-03-01
COLUMBUS,OH,9.0,2022-03-01
DAYTON,OH,10.8,2022-03-01
MANSFIELD,OH,11.1,2022-03-01
TOLEDO,OH,10.1,2022-03-01
YOUNGSTOWN,OH,9.9,2022-03-01
OKLAHOMA CITY,OK,13.2,2022-03-01
TULSA,OK,10.7,2022-03-01
ASTORIA,OR,8.2,2022-03-01
BURNS,OR,7.5,2022-03-01
EUGENE,OR,7.3,2022-03-01
MEDFORD,OR,4.4,2022-03-01
PENDLETON,OR,8.5,2022-03-01
PORTLAND,OR,7.6,2022-03-01
SALEM,OR,7.2,2022-03-01
SEXTON SUMMIT,OR,8.5,2022-03-01
ALLENTOWN,PA,9.1,2022-03-01
ERIE,PA,10.7,2022-03-01
PHILADELPHIA,PA,10.8,2022-03-01
PITTSBURGH,PA,9.3,2022-03-01
AVOCA,PA,8.3,2022-03-01
WILLIAMSPORT,PA,7.9,2022-03-01
PROVIDENCE,RI,10.7,2022-03-01
CHARLESTON,SC,9.1,2022-03-01
COLUMBIA,SC,7.3,2022-03-01
ABERDEEN,SD,11.5,2022-03-01
HURON,SD,11.4,2022-03-01
RAPID CITY,SD,11.6,2022-03-01
SIOUX FALLS,SD,11.4,2022-03-01
CHATTANOOGA,TN,6.5,2022-03-01
KNOXVILLE,TN,7.3,2022-03-01
MEMPHIS,TN,9.5,2022-03-01
NASHVILLE,TN,8.5,2022-03-01
ABILENE,TX,12.4,2022-03-01
AMARILLO,TX,13.9,2022-03-01
AUSTIN,TX,7.7,2022-03-01
BROWNSVILLE,TX,12.0,2022-03-01
CORPUS CHRISTI,TX,13.6,2022-03-01
DALLAS,TX,10.7,2022-03-01
DEL RIO,TX,9.3,2022-03-01
EL PASO,TX,9.5,2022-03-01
GALVESTON,TX,12.0,2022-03-01
HOUSTON,TX,8.7,2022-03-01
LUBBOCK,TX,13.6,2022-03-01
PORT ARTHUR,TX,10.1,2022-03-01
SAN ANGELO,TX,10.9,2022-03-01
SAN ANTONIO,TX,9.0,2022-03-01
VICTORIA,TX,10.8,2022-03-01
WACO,TX,11.3,2022-03-01
WICHITA FALLS,TX,12.4,2022-03-01
SALT LAKE CITY,UT,9.0,2022-03-01
BURLINGTON,VT,8.9,2022-03-01
LYNCHBURG,VA,7.0,2022-03-01
NORFOLK,VA,10.9,2022-03-01
RICHMOND,VA,9.1,2022-03-01
ROANOKE,VA,8.2,2022-03-01
WALLOPS ISLAND,VA,10.4,2022-03-01
OLYMPIA,WA,6.3,2022-03-01
QUILLAYUTE,WA,6.2,2022-03-01
SEATTLE,WA,8.6,2022-03-01
SPOKANE,WA,9.6,2022-03-01
WALLA WALLA,WA,8.9,2022-03-01
YAKIMA,WA,6.7,2022-03-01
BECKLEY,WV,8.6,2022-03-01
CHARLESTON,WV,5.8,2022-03-01
ELKINS,WV,6.3,2022-03-01
HUNTINGTON,WV,7.0,2022-03-01
GREEN BAY,WI,9.6,2022-03-01
LA CROSSE,WI,9.0,2022-03-01
MADISON,WI,9.2,2022-03-01
MILWAUKEE,WI,10.9,2022-03-01
CASPER,WY,12.8,2022-03-01
CHEYENNE,WY,13.6,2022-03-01
LANDER,WY,6.6,2022-03-01
SHERIDAN,WY,8.0,2022-03-01
GUAM,PC,11.7,2022-03-01
KOROR,PC,6.6,2022-03-01
SAN JUAN,PR,8.4,2022-03-01
BIRMINGHAM,AL,7.2,2022-04-01
HUNTSVILLE,AL,8.4,2022-04-01
MOBILE,AL,8.5,2022-04-01
MONTGOMERY,AL,6.5,2022-04-01
ANCHORAGE,AK,7.1,2022-04-01
ANNETTE,AK,8.2,2022-04-01
BARROW,AK,12.0,2022-04-01
BETHEL,AK,11.6,2022-04-01
BETTLES,AK,6.4,2022-04-01
BIG DELTA,AK,8.8,2022-04-01
COLD BAY,AK,16.0,2022-04-01
FAIRBANKS,AK,5.8,2022-04-01
GULKANA,AK,6.9,2022-04-01
HOMER,AK,7.4,2022-04-01
JUNEAU,AK,7.7,2022-04-01
KING SALMON,AK,10.1,2022-04-01
KODIAK,AK,11.6,2022-04-01
KOTZEBUE,AK,10.6,2022-04-01
MCGRATH,AK,5.7,2022-04-01
NOME,AK,8.8,2022-04-01
TALKEETNA,AK,4.4,2022-04-01
VALDEZ,AK,5.1,2022-04-01
YAKUTAT,AK,5.6,2022-04-01
FLAGSTAFF,AZ,7.8,2022-04-01
PHOENIX,AZ,7.1,2022-04-01
TUCSON,AZ,8.3,2022-04-01
WINSLOW,AZ,10.6,2022-04-01
FORT SMITH,AR,8.2,2022-04-01
LITTLE ROCK,AR,8.3,2022-04-01
BAKERSFIELD,CA,7.1,2022-04-01
BISHOP,CA,10.1,2022-04-01
BLUE CANYON,CA,5.6,2022-04-01
FRESNO,CA,7.3,2022-04-01
LONG BEACH,CA,6.5,2022-04-01
LOS ANGELES,CA,2.4,2022-04-01
REDDING,CA,6.6,2022-04-01
SACRAMENTO,CA,7.1,2022-04-01
SAN DIEGO,CA,7.2,2022-04-01
SAN FRANCISCO,CA,12.5,2022-04-01
SANTA BARBARA,CA,6.7,2022-04-01
SANTA MARIA,CA,9.0,2022-04-01
STOCKTON,CA,8.8,2022-04-01
ALAMOSA,CO,10.2,2022-04-01
COLORADO SPRINGS,CO,11.4,2022-04-01
DENVER,CO,9.2,2022-04-01
GRAND JUNCTION,CO,8.9,2022-04-01
PUEBLO,CO,10.3,2022-04-01
BRIDGEPORT,CT,10.3,2022-04-01
HARTFORD,CT,9.0,2022-04-01
WILMINGTON,DE,9.9,2022-04-01
WASHINGTON DULLES,DC,8.1,2022-04-01
DAYTONA BEACH,FL,7.8,2022-04-01
FORT MYERS,FL,8.0,2022-04-01
GAINESVILLE,FL,6.9,2022-04-01
JACKSONVILLE,FL,7.5,2022-04-01
KEY WEST,FL,11.0,2022-04-01
MIAMI,FL,9.7,2022-04-01
ORLANDO,FL,8.7,2022-04-01
PENSACOLA,FL,9.1,2022-04-01
TALLAHASSEE,FL,6.2,2022-04-01
TAMPA,FL,7.8,2022-04-01
VERO BEACH,FL,9.4,2022-04-01
WEST PALM BEACH,FL,10.7,2022-04-01
ATHENS,GA,6.5,2022-04-01
ATLANTA,GA,9.0,2022-04-01
AUGUSTA,GA,6.5,2022-04-01
COLUMBUS,GA,6.6,2022-04-01
MACON,GA,6.5,2022-04-01
SAVANNAH,GA,7.8,2022-04-01
HILO,HI,7.0,2022-04-01
HONOLULU,HI,10.9,2022-04-01
KAHULUI,HI,13.3,2022-04-01
LIHUE,HI,14.3,2022-04-01
BOISE,ID,8.8,2022-04-01
LEWISTON,ID,6.3,2022-04-01
POCATELLO,ID,11.5,2022-04-01
CHICAGO,IL,11.2,2022-04-01
MOLINE,IL,10.5,2022-04-01
PEORIA,IL,10.0,2022-04-01
ROCKFORD,IL,11.1,2022-04-01
SPRINGFIELD,IL,11.3,2022-04-01
EVANSVILLE,IN,8.2,2022-04-01
FORT WAYNE,IN,10.8,2022-04-01
INDIANAPOLIS,IN,11.1,2022-04-01
SOUTH BEND,IN,10.5,2022-04-01
DES MOINES,IA,11.4,2022-04-01
DUBUQUE,IA,12.3,2022-04-01
SIOUX CITY,IA,12.4,2022-04-01
WATERLOO,IA,11.9,2022-04-01
CONCORDIA,KS,12.8,2022-04-01
DODGE CITY,KS,14.8,2022-04-01
GOODLAND,KS,14.1,2022-04-01
TOPEKA,KS,9.9,2022-04-01
WICHITA,KS,13.3,2022-04-01
JACKSON,KY,6.1,2022-04-01
LEXINGTON,KY,9.2,2022-04-01
LOUISVILLE,KY,9.0,2022-04-01
PADUCAH,KY,8.3,2022-04-01
BATON ROUGE,LA,7.6,2022-04-01
LAKE CHARLES,LA,8.8,2022-04-01
NEW ORLEANS,LA,9.3,2022-04-01
SHREVEPORT,LA,8.6,2022-04-01
CARIBOU,ME,8.8,2022-04-01
PORTLAND,ME,9.2,2022-04-01
BALTIMORE,MD,8.5,2022-04-01
BOSTON,MA,12.2,2022-04-01
WORCESTER,MA,10.8,2022-04-01
ALPENA,MI,8.8,2022-04-01
DETROIT,MI,10.4,2022-04-01
FLINT,MI,10.3,2022-04-01
GRAND RAPIDS,MI,10.8,2022-04-01
HOUGHTON LAKE,MI,9.3,2022-04-01
LANSING,MI,10.2,2022-04-01
MUSKEGON,MI,10.7,2022-04-01
DULUTH,MN,11.1,2022-04-01
INTERNATIONAL FALLS,MN,8.6,2022-04-01
ROCHESTER,MN,13.6,2022-04-01
SAINT CLOUD,MN,9.7,2022-04-01
JACKSON,MS,7.2,2022-04-01
MERIDIAN,MS,6.8,2022-04-01
TUPELO,MS,7.4,2022-04-01
COLUMBIA,MO,11.2,2022-04-01
KANSAS CITY,MO,12.1,2022-04-01
SPRINGFIELD,MO,10.7,2022-04-01
BILLINGS,MT,10.6,2022-04-01
GLASGOW,MT,12.1,2022-04-01
GREAT FALLS,MT,11.4,2022-04-01
HAVRE,MT,10.5,2022-04-01
HELENA,MT,8.3,2022-04-01
KALISPELL,MT,7.0,2022-04-01
MISSOULA,MT,6.7,2022-04-01
GRAND ISLAND,NE,13.4,2022-04-01
LINCOLN,NE,12.0,2022-04-01
NORFOLK,NE,12.4,2022-04-01
NORTH PLATTE,NE,11.5,2022-04-01
OMAHA,NE,11.8,2022-04-01
SCOTTSBLUFF,NE,11.6,2022-04-01
VALENTINE,NE,11.3,2022-04-01
ELKO,NV,6.9,2022-04-01
ELY,NV,10.0,2022-04-01
LAS VEGAS,NV,10.3,2022-04-01
RENO,NV,8.2,2022-04-01
WINNEMUCCA,NV,8.5,2022-04-01
CONCORD,NH,7.1,2022-04-01
ATLANTIC CITY,NJ,10.4,2022-04-01
NEWARK,NJ,10.6,2022-04-01
ALBUQUERQUE,NM,10.1,2022-04-01
CLAYTON,NM,14.0,2022-04-01
ROSWELL,NM,10.4,2022-04-01
ALBANY,NY,9.2,2022-04-01
BINGHAMTON,NY,9.7,2022-04-01
BUFFALO,NY,10.8,2022-04-01
ISLIP,NY,10.2,2022-04-01
NEW YORK JFK AP,NY,12.1,2022-04-01
ROCHESTER,NY,10.0,2022-04-01
SYRACUSE,NY,9.2,2022-04-01
ASHEVILLE,NC,7.8,2022-04-01
CAPE HATTERAS,NC,10.6,2022-04-01
CHARLOTTE,NC,7.6,2022-04-01
RALEIGH,NC,7.9,2022-04-01
WILMINGTON,NC,9.2,2022-04-01
BISMARCK,ND,10.7,2022-04-01
FARGO,ND,12.3,2022-04-01
GRAND FORKS,ND,11.3,2022-04-01
WILLISTON,ND,10.3,2022-04-01
AKRON,OH,10.1,2022-04-01
CINCINNATI,OH,9.7,2022-04-01
CLEVELAND,OH,10.3,2022-04-01
COLUMBUS,OH,8.9,2022-04-01
DAYTON,OH,10.7,2022-04-01
MANSFIELD,OH,11.1,2022-04-01
TOLEDO,OH,10.3,2022-04-01
YOUNGSTOWN,OH,9.7,2022-04-01
OKLAHOMA CITY,OK,13.3,2022-04-01
TULSA,OK,11.0,2022-04-01
ASTORIA,OR,8.1,2022-04-01
BURNS,OR,8.3,2022-04-01
EUGENE,OR,7.1,2022-04-01
MEDFORD,OR,4.7,2022-04-01
PENDLETON,OR,9.2,2022-04-01
PORTLAND,OR,7.0,2022-04-01
SALEM,OR,6.8,2022-04-01
SEXTON SUMMIT,OR,7.4,2022-04-01
ALLENTOWN,PA,8.7,2022-04-01
ERIE,PA,10.2,2022-04-01
PHILADELPHIA,PA,10.3,2022-04-01
PITTSBURGH,PA,9.1,2022-04-01
AVOCA,PA,8.1,2022-04-01
WILLIAMSPORT,PA,7.8,2022-04-01
PROVIDENCE,RI,10.4,2022-04-01
CHARLESTON,SC,9.1,2022-04-01
COLUMBIA,SC,7.5,2022-04-01
ABERDEEN,SD,12.4,2022-04-01
HURON,SD,11.8,2022-04-01
RAPID CITY,SD,12.6,2022-04-01
SIOUX FALLS,SD,12.0,2022-04-01
CHATTANOOGA,TN,6.0,2022-04-01
KNOXVILLE,TN,7.2,2022-04-01
MEMPHIS,TN,9.2,2022-04-01
NASHVILLE,TN,8.0,2022-04-01
ABILENE,TX,13.0,2022-04-01
AMARILLO,TX,14.7,2022-04-01
AUSTIN,TX,7.6,2022-04-01
BROWNSVILLE,TX,12.4,2022-04-01
CORPUS CHRISTI,TX,13.8,2022-04-01
DALLAS,TX,11.3,2022-04-01
DEL RIO,TX,10.1,2022-04-01
EL PASO,TX,10.5,2022-04-01
GALVESTON,TX,12.6,2022-04-01
HOUSTON,TX,8.9,2022-04-01
LUBBOCK,TX,14.3,2022-04-01
PORT ARTHUR,TX,10.2,2022-04-01
SAN ANGELO,TX,11.2,2022-04-01
SAN ANTONIO,TX,9.3,2022-04-01
VICTORIA,TX,11.1,2022-04-01
WACO,TX,11.3,2022-04-01
WICHITA FALLS,TX,12.8,2022-04-01
SALT LAKE CITY,UT,9.4,2022-04-01
BURLINGTON,VT,8.9,2022-04-01
LYNCHBURG,VA,7.1,2022-04-01
NORFOLK,VA,10.9,2022-04-01
RICHMOND,VA,9.1,2022-04-01
ROANOKE,VA,7.9,2022-04-01
WALLOPS ISLAND,VA,10.5,2022-04-01
OLYMPIA,WA,6.5,2022-04-01
QUILLAYUTE,WA,5.9,2022-04-01
SEATTLE,WA,8.2,2022-04-01
SPOKANE,WA,9.9,2022-04-01
WALLA WALLA,WA,8.9,2022-04-01
YAKIMA,WA,7.5,2022-04-01
BECKLEY,WV,8.4,2022-04-01
CHARLESTON,WV,5.8,2022-04-01
ELKINS,WV,6.3,2022-04-01
HUNTINGTON,WV,6.9,2022-04-01
GREEN BAY,WI,10.4,2022-04-01
LA CROSSE,WI,9.7,2022-04-01
MADISON,WI,9.8,2022-04-01
MILWAUKEE,WI,11.4,2022-04-01
CASPER,WY,11.7,2022-04-01
CHEYENNE,WY,13.4,2022-04-01
LANDER,WY,7.4,2022-04-01
SHERIDAN,WY,9.0,2022-04-01
GUAM,PC,11.1,2022-04-01
KOROR,PC,6.0,2022-04-01
SAN JUAN,PR,8.3,2022-04-01
BIRMINGHAM,AL,6.1,2022-05-01
HUNTSVILLE,AL,7.3,2022-05-01
MOBILE,AL,7.4,2022-05-01
MONTGOMERY,AL,5.5,2022-05-01
ANCHORAGE,AK,8.2,2022-05-01
ANNETTE,AK,7.3,2022-05-01
BARROW,AK,12.4,2022-05-01
BETHEL,AK,10.6,2022-05-01
BETTLES,AK,6.3,2022-05-01
BIG DELTA,AK,8.7,2022-05-01
COLD BAY,AK,15.5,2022-05-01
FAIRBANKS,AK,6.3,2022-05-01
GULKANA,AK,7.9,2022-05-01
HOMER,AK,7.4,2022-05-01
JUNEAU,AK,7.5,2022-05-01
KING SALMON,AK,9.9,2022-05-01
KODIAK,AK,10.4,2022-05-01
KOTZEBUE,AK,10.1,2022-05-01
MCGRATH,AK,6.0,2022-05-01
NOME,AK,8.9,2022-05-01
TALKEETNA,AK,4.6,2022-05-01
VALDEZ,AK,5.6,2022-05-01
YAKUTAT,AK,5.7,2022-05-01
FLAGSTAFF,AZ,7.5,2022-05-01
PHOENIX,AZ,7.1,2022-05-01
TUCSON,AZ,8.3,2022-05-01
WINSLOW,AZ,10.1,2022-05-01
FORT SMITH,AR,7.0,2022-05-01
LITTLE ROCK,AR,7.1,2022-05-01
BAKERSFIELD,CA,7.6,2022-05-01
BISHOP,CA,9.1,2022-05-01
BLUE CANYON,CA,5.4,2022-05-01
FRESNO,CA,8.3,2022-05-01
LONG BEACH,CA,6.5,2022-05-01
LOS ANGELES,CA,2.2,2022-05-01
REDDING,CA,6.8,2022-05-01
SACRAMENTO,CA,7.7,2022-05-01
SAN DIEGO,CA,7.4,2022-05-01
SAN FRANCISCO,CA,13.8,2022-05-01
SANTA BARBARA,CA,6.7,2022-05-01
SANTA MARIA,CA,9.1,2022-05-01
STOCKTON,CA,9.7,2022-05-01
ALAMOSA,CO,9.9,2022-05-01
COLORADO SPRINGS,CO,10.6,2022-05-01
DENVER,CO,9.0,2022-05-01
GRAND JUNCTION,CO,9.1,2022-05-01
PUEBLO,CO,9.6,2022-05-01
BRIDGEPORT,CT,9.4,2022-05-01
HARTFORD,CT,8.1,2022-05-01
WILMINGTON,DE,8.4,2022-05-01
WASHINGTON DULLES,DC,6.9,2022-05-01
DAYTONA BEACH,FL,7.4,2022-05-01
FORT MYERS,FL,7.3,2022-05-01
GAINESVILLE,FL,6.4,2022-05-01
JACKSONVILLE,FL,7.0,2022-05-01
KEY WEST,FL,10.1,2022-05-01
MIAMI,FL,9.0,2022-05-01
ORLANDO,FL,8.0,2022-05-01
PENSACOLA,FL,8.4,2022-05-01
TALLAHASSEE,FL,5.8,2022-05-01
TAMPA,FL,7.2,2022-05-01
VERO BEACH,FL,8.9,2022-05-01
WEST PALM BEACH,FL,10.0,2022-05-01
ATHENS,GA,5.7,2022-05-01
ATLANTA,GA,8.0,2022-05-01
AUGUSTA,GA,5.7,2022-05-01
COLUMBUS,GA,6.1,2022-05-01
MACON,GA,5.9,2022-05-01
SAVANNAH,GA,7.1,2022-05-01
HILO,HI,6.9,2022-05-01
HONOLULU,HI,10.4,2022-05-01
KAHULUI,HI,12.9,2022-05-01
LIHUE,HI,13.2,2022-05-01
BOISE,ID,8.3,2022-05-01
LEWISTON,ID,5.9,2022-05-01
POCATELLO,ID,10.2,2022-05-01
CHICAGO,IL,10.0,2022-05-01
MOLINE,IL,8.8,2022-05-01
PEORIA,IL,8.4,2022-05-01
ROCKFORD,IL,9.6,2022-05-01
SPRINGFIELD,IL,9.5,2022-05-01
EVANSVILLE,IN,6.9,2022-05-01
FORT WAYNE,IN,9.4,2022-05-01
INDIANAPOLIS,IN,9.5,2022-05-01
SOUTH BEND,IN,9.1,2022-05-01
DES MOINES,IA,10.0,2022-05-01
DUBUQUE,IA,10.6,2022-05-01
SIOUX CITY,IA,11.3,2022-05-01
WATERLOO,IA,10.4,2022-05-01
CONCORDIA,KS,11.2,2022-05-01
DODGE CITY,KS,13.7,2022-05-01
GOODLAND,KS,13.0,2022-05-01
TOPEKA,KS,8.4,2022-05-01
WICHITA,KS,11.8,2022-05-01
JACKSON,KY,4.3,2022-05-01
LEXINGTON,KY,7.6,2022-05-01
LOUISVILLE,KY,7.7,2022-05-01
PADUCAH,KY,6.8,2022-05-01
BATON ROUGE,LA,6.6,2022-05-01
LAKE CHARLES,LA,7.7,2022-05-01
NEW ORLEANS,LA,8.1,2022-05-01
SHREVEPORT,LA,7.7,2022-05-01
CARIBOU,ME,8.4,2022-05-01
PORTLAND,ME,8.3,2022-05-01
BALTIMORE,MD,7.3,2022-05-01
BOSTON,MA,11.2,2022-05-01
WORCESTER,MA,9.9,2022-05-01
ALPENA,MI,7.9,2022-05-01
DETROIT,MI,9.1,2022-05-01
FLINT,MI,9.1,2022-05-01
GRAND RAPIDS,MI,9.5,2022-05-01
HOUGHTON LAKE,MI,8.5,2022-05-01
LANSING,MI,8.9,2022-05-01
MUSKEGON,MI,9.4,2022-05-01
DULUTH,MN,10.4,2022-05-01
INTERNATIONAL FALLS,MN,8.2,2022-05-01
ROCHESTER,MN,12.5,2022-05-01
SAINT CLOUD,MN,9.0,2022-05-01
JACKSON,MS,6.1,2022-05-01
MERIDIAN,MS,5.7,2022-05-01
TUPELO,MS,6.3,2022-05-01
COLUMBIA,MO,9.2,2022-05-01
KANSAS CITY,MO,10.2,2022-05-01
SPRINGFIELD,MO,9.1,2022-05-01
BILLINGS,MT,9.9,2022-05-01
GLASGOW,MT,12.0,2022-05-01
GREAT FALLS,MT,10.5,2022-05-01
HAVRE,MT,10.1,2022-05-01
HELENA,MT,8.0,2022-05-01
KALISPELL,MT,6.7,2022-05-01
MISSOULA,MT,6.5,2022-05-01
GRAND ISLAND,NE,11.9,2022-05-01
LINCOLN,NE,10.5,2022-05-01
NORFOLK,NE,11.1,2022-05-01
NORTH PLATTE,NE,10.4,2022-05-01
OMAHA,NE,10.4,2022-05-01
SCOTTSBLUFF,NE,10.9,2022-05-01
VALENTINE,NE,11.0,2022-05-01
ELKO,NV,6.6,2022-05-01
ELY,NV,9.8,2022-05-01
LAS VEGAS,NV,10.3,2022-05-01
RENO,NV,8.1,2022-05-01
WINNEMUCCA,NV,8.3,2022-05-01
CONCORD,NH,6.3,2022-05-01
ATLANTIC CITY,NJ,8.9,2022-05-01
NEWARK,NJ,9.5,2022-05-01
ALBUQUERQUE,NM,9.8,2022-05-01
CLAYTON,NM,13.0,2022-05-01
ROSWELL,NM,9.9,2022-05-01
ALBANY,NY,7.8,2022-05-01
BINGHAMTON,NY,8.6,2022-05-01
BUFFALO,NY,10.0,2022-05-01
ISLIP,NY,8.9,2022-05-01
NEW YORK JFK AP,NY,10.5,2022-05-01
ROCHESTER,NY,8.7,2022-05-01
SYRACUSE,NY,7.9,2022-05-01
ASHEVILLE,NC,6.1,2022-05-01
CAPE HATTERAS,NC,9.7,2022-05-01
CHARLOTTE,NC,6.7,2022-05-01
RALEIGH,NC,6.9,2022-05-01
WILMINGTON,NC,8.2,2022-05-01
BISMARCK,ND,10.6,2022-05-01
FARGO,ND,12.0,2022-05-01
GRAND FORKS,ND,11.2,2022-05-01
WILLISTON,ND,10.4,2022-05-01
AKRON,OH,8.6,2022-05-01
CINCINNATI,OH,7.9,2022-05-01
CLEVELAND,OH,9.1,2022-05-01
COLUMBUS,OH,7.4,2022-05-01
DAYTON,OH,9.2,2022-05-01
MANSFIELD,OH,9.5,2022-05-01
TOLEDO,OH,8.7,2022-05-01
YOUNGSTOWN,OH,8.2,2022-05-01
OKLAHOMA CITY,OK,11.7,2022-05-01
TULSA,OK,9.9,2022-05-01
ASTORIA,OR,7.8,2022-05-01
BURNS,OR,8.0,2022-05-01
EUGENE,OR,6.6,2022-05-01
MEDFORD,OR,5.1,2022-05-01
PENDLETON,OR,8.8,2022-05-01
PORTLAND,OR,6.6,2022-05-01
SALEM,OR,6.3,2022-05-01
SEXTON SUMMIT,OR,7.0,2022-05-01
ALLENTOWN,PA,7.6,2022-05-01
ERIE,PA,9.2,2022-05-01
PHILADELPHIA,PA,9.0,2022-05-01
PITTSBURGH,PA,7.6,2022-05-01
AVOCA,PA,6.9,2022-05-01
WILLIAMSPORT,PA,6.5,2022-05-01
PROVIDENCE,RI,9.5,2022-05-01
CHARLESTON,SC,8.3,2022-05-01
COLUMBIA,SC,6.6,2022-05-01
ABERDEEN,SD,12.0,2022-05-01
HURON,SD,11.1,2022-05-01
RAPID CITY,SD,11.7,2022-05-01
SIOUX FALLS,SD,10.9,2022-05-01
CHATTANOOGA,TN,5.0,2022-05-01
KNOXVILLE,TN,6.2,2022-05-01
MEMPHIS,TN,8.3,2022-05-01
NASHVILLE,TN,6.9,2022-05-01
ABILENE,TX,12.1,2022-05-01
AMARILLO,TX,13.7,2022-05-01
AUSTIN,TX,7.2,2022-05-01
BROWNSVILLE,TX,12.2,2022-05-01
CORPUS CHRISTI,TX,12.6,2022-05-01
DALLAS,TX,10.8,2022-05-01
DEL RIO,TX,10.2,2022-05-01
EL PASO,TX,9.8,2022-05-01
GALVESTON,TX,12.7,2022-05-01
HOUSTON,TX,8.3,2022-05-01
LUBBOCK,TX,13.7,2022-05-01
PORT ARTHUR,TX,9.2,2022-05-01
SAN ANGELO,TX,10.5,2022-05-01
SAN ANTONIO,TX,9.4,2022-05-01
VICTORIA,TX,10.6,2022-05-01
WACO,TX,10.5,2022-05-01
WICHITA FALLS,TX,12.1,2022-05-01
SALT LAKE CITY,UT,9.0,2022-05-01
BURLINGTON,VT,8.2,2022-05-01
LYNCHBURG,VA,5.9,2022-05-01
NORFOLK,VA,9.9,2022-05-01
RICHMOND,VA,7.9,2022-05-01
ROANOKE,VA,6.5,2022-05-01
WALLOPS ISLAND,VA,9.7,2022-05-01
OLYMPIA,WA,6.0,2022-05-01
QUILLAYUTE,WA,5.3,2022-05-01
SEATTLE,WA,7.7,2022-05-01
SPOKANE,WA,9.3,2022-05-01
WALLA WALLA,WA,8.3,2022-05-01
YAKIMA,WA,7.5,2022-05-01
BECKLEY,WV,7.0,2022-05-01
CHARLESTON,WV,4.4,2022-05-01
ELKINS,WV,4.9,2022-05-01
HUNTINGTON,WV,5.5,2022-05-01
GREEN BAY,WI,9.2,2022-05-01
LA CROSSE,WI,8.7,2022-05-01
MADISON,WI,8.4,2022-05-01
MILWAUKEE,WI,10.2,2022-05-01
CASPER,WY,10.7,2022-05-01
CHEYENNE,WY,11.9,2022-05-01
LANDER,WY,7.3,2022-05-01
SHERIDAN,WY,8.3,2022-05-01
GUAM,PC,9.6,2022-05-01
KOROR,PC,5.2,2022-05-01
SAN JUAN,PR,8.1,2022-05-01
BIRMINGHAM,AL,5.4,2022-06-01
HUNTSVILLE,AL,6.1,2022-06-01
MOBILE,AL,6.4,2022-06-01
MONTGOMERY,AL,5.0,2022-06-01
ANCHORAGE,AK,8.0,2022-06-01
ANNETTE,AK,7.2,2022-06-01
BARROW,AK,12.0,2022-06-01
BETHEL,AK,9.7,2022-06-01
BETTLES,AK,5.7,2022-06-01
BIG DELTA,AK,7.6,2022-06-01
COLD BAY,AK,14.9,2022-06-01
FAIRBANKS,AK,5.8,2022-06-01
GULKANA,AK,7.5,2022-06-01
HOMER,AK,7.2,2022-06-01
JUNEAU,AK,6.8,2022-06-01
KING SALMON,AK,9.1,2022-06-01
KODIAK,AK,9.3,2022-06-01
KOTZEBUE,AK,10.7,2022-06-01
MCGRATH,AK,5.3,2022-06-01
NOME,AK,8.9,2022-06-01
TALKEETNA,AK,4.6,2022-06-01
VALDEZ,AK,5.9,2022-06-01
YAKUTAT,AK,5.3,2022-06-01
FLAGSTAFF,AZ,7.1,2022-06-01
PHOENIX,AZ,6.9,2022-06-01
TUCSON,AZ,8.2,2022-06-01
WINSLOW,AZ,9.8,2022-06-01
FORT SMITH,AR,6.1,2022-06-01
LITTLE ROCK,AR,6.3,2022-06-01
BAKERSFIELD,CA,7.8,2022-06-01
BISHOP,CA,8.3,2022-06-01
BLUE CANYON,CA,5.1,2022-06-01
FRESNO,CA,8.3,2022-06-01
LONG BEACH,CA,6.4,2022-06-01
LOS ANGELES,CA,2.1,2022-06-01
REDDING,CA,7.0,2022-06-01
SACRAMENTO,CA,7.9,2022-06-01
SAN DIEGO,CA,7.2,2022-06-01
SAN FRANCISCO,CA,13.8,2022-06-01
SANTA BARBARA,CA,6.2,2022-06-01
SANTA MARIA,CA,8.4,2022-06-01
STOCKTON,CA,9.7,2022-06-01
ALAMOSA,CO,8.9,2022-06-01
COLORADO SPRINGS,CO,10.0,2022-06-01
DENVER,CO,8.3,2022-06-01
GRAND JUNCTION,CO,9.4,2022-06-01
PUEBLO,CO,9.2,2022-06-01
BRIDGEPORT,CT,8.6,2022-06-01
HARTFORD,CT,7.2,2022-06-01
WILMINGTON,DE,7.8,2022-06-01
WASHINGTON DULLES,DC,6.3,2022-06-01
DAYTONA BEACH,FL,6.3,2022-06-01
FORT MYERS,FL,6.2,2022-06-01
GAINESVILLE,FL,5.6,2022-06-01
JACKSONVILLE,FL,6.3,2022-06-01
KEY WEST,FL,9.1,2022-06-01
MIAMI,FL,7.5,2022-06-01
ORLANDO,FL,6.9,2022-06-01
PENSACOLA,FL,7.4,2022-06-01
TALLAHASSEE,FL,5.0,2022-06-01
TAMPA,FL,6.6,2022-06-01
VERO BEACH,FL,7.5,2022-06-01
WEST PALM BEACH,FL,8.2,2022-06-01
ATHENS,GA,5.1,2022-06-01
ATLANTA,GA,7.4,2022-06-01
AUGUSTA,GA,5.1,2022-06-01
COLUMBUS,GA,5.6,2022-06-01
MACON,GA,5.5,2022-06-01
SAVANNAH,GA,6.5,2022-06-01
HILO,HI,6.6,2022-06-01
HONOLULU,HI,11.8,2022-06-01
KAHULUI,HI,15.2,2022-06-01
LIHUE,HI,14.3,2022-06-01
BOISE,ID,8.1,2022-06-01
LEWISTON,ID,5.9,2022-06-01
POCATELLO,ID,9.7,2022-06-01
CHICAGO,IL,8.9,2022-06-01
MOLINE,IL,7.5,2022-06-01
PEORIA,IL,7.4,2022-06-01
ROCKFORD,IL,8.2,2022-06-01
SPRINGFIELD,IL,7.8,2022-06-01
EVANSVILLE,IN,6.2,2022-06-01
FORT WAYNE,IN,8.1,2022-06-01
INDIANAPOLIS,IN,8.5,2022-06-01
SOUTH BEND,IN,8.0,2022-06-01
DES MOINES,IA,9.1,2022-06-01
DUBUQUE,IA,9.1,2022-06-01
SIOUX CITY,IA,9.8,2022-06-01
WATERLOO,IA,8.9,2022-06-01
CONCORDIA,KS,11.1,2022-06-01
DODGE CITY,KS,13.6,2022-06-01
GOODLAND,KS,12.2,2022-06-01
TOPEKA,KS,7.9,2022-06-01
WICHITA,KS,11.9,2022-06-01
JACKSON,KY,3.6,2022-06-01
LEXINGTON,KY,6.8,2022-06-01
LOUISVILLE,KY,7.2,2022-06-01
PADUCAH,KY,5.8,2022-06-01
BATON ROUGE,LA,5.8,2022-06-01
LAKE CHARLES,LA,6.5,2022-06-01
NEW ORLEANS,LA,6.7,2022-06-01
SHREVEPORT,LA,6.6,2022-06-01
CARIBOU,ME,7.5,2022-06-01
PORTLAND,ME,7.5,2022-06-01
BALTIMORE,MD,6.7,2022-06-01
BOSTON,MA,10.6,2022-06-01
WORCESTER,MA,9.2,2022-06-01
ALPENA,MI,6.9,2022-06-01
DETROIT,MI,8.4,2022-06-01
FLINT,MI,7.9,2022-06-01
GRAND RAPIDS,MI,8.5,2022-06-01
HOUGHTON LAKE,MI,7.5,2022-06-01
LANSING,MI,7.9,2022-06-01
MUSKEGON,MI,8.5,2022-06-01
DULUTH,MN,9.3,2022-06-01
INTERNATIONAL FALLS,MN,7.4,2022-06-01
ROCHESTER,MN,11.2,2022-06-01
SAINT CLOUD,MN,7.9,2022-06-01
JACKSON,MS,5.2,2022-06-01
MERIDIAN,MS,4.9,2022-06-01
TUPELO,MS,5.4,2022-06-01
COLUMBIA,MO,8.3,2022-06-01
KANSAS CITY,MO,9.8,2022-06-01
SPRINGFIELD,MO,8.4,2022-06-01
BILLINGS,MT,9.4,2022-06-01
GLASGOW,MT,11.0,2022-06-01
GREAT FALLS,MT,9.9,2022-06-01
HAVRE,MT,9.6,2022-06-01
HELENA,MT,7.9,2022-06-01
KALISPELL,MT,6.0,2022-06-01
MISSOULA,MT,6.5,2022-06-01
GRAND ISLAND,NE,11.0,2022-06-01
LINCOLN,NE,9.9,2022-06-01
NORFOLK,NE,10.1,2022-06-01
NORTH PLATTE,NE,9.5,2022-06-01
OMAHA,NE,9.7,2022-06-01
SCOTTSBLUFF,NE,9.9,2022-06-01
VALENTINE,NE,10.1,2022-06-01
ELKO,NV,6.5,2022-06-01
ELY,NV,10.0,2022-06-01
LAS VEGAS,NV,10.3,2022-06-01
RENO,NV,7.8,2022-06-01
WINNEMUCCA,NV,8.4,2022-06-01
CONCORD,NH,5.6,2022-06-01
ATLANTIC CITY,NJ,8.0,2022-06-01
NEWARK,NJ,9.2,2022-06-01
ALBUQUERQUE,NM,9.2,2022-06-01
CLAYTON,NM,12.7,2022-06-01
ROSWELL,NM,9.8,2022-06-01
ALBANY,NY,7.2,2022-06-01
BINGHAMTON,NY,8.0,2022-06-01
BUFFALO,NY,9.3,2022-06-01
ISLIP,NY,8.4,2022-06-01
NEW YORK JFK AP,NY,10.2,2022-06-01
ROCHESTER,NY,8.1,2022-06-01
SYRACUSE,NY,7.2,2022-06-01
ASHEVILLE,NC,5.2,2022-06-01
CAPE HATTERAS,NC,9.5,2022-06-01
CHARLOTTE,NC,6.1,2022-06-01
RALEIGH,NC,6.3,2022-06-01
WILMINGTON,NC,7.6,2022-06-01
BISMARCK,ND,9.5,2022-06-01
FARGO,ND,10.5,2022-06-01
GRAND FORKS,ND,9.7,2022-06-01
WILLISTON,ND,9.6,2022-06-01
AKRON,OH,7.9,2022-06-01
CINCINNATI,OH,7.2,2022-06-01
CLEVELAND,OH,8.4,2022-06-01
COLUMBUS,OH,6.8,2022-06-01
DAYTON,OH,8.3,2022-06-01
MANSFIELD,OH,8.5,2022-06-01
TOLEDO,OH,7.6,2022-06-01
YOUNGSTOWN,OH,7.3,2022-06-01
OKLAHOMA CITY,OK,10.8,2022-06-01
TULSA,OK,9.4,2022-06-01
ASTORIA,OR,8.0,2022-06-01
BURNS,OR,7.6,2022-06-01
EUGENE,OR,7.0,2022-06-01
MEDFORD,OR,5.5,2022-06-01
PENDLETON,OR,8.9,2022-06-01
PORTLAND,OR,6.8,2022-06-01
SALEM,OR,6.5,2022-06-01
SEXTON SUMMIT,OR,7.0,2022-06-01
ALLENTOWN,PA,6.9,2022-06-01
ERIE,PA,8.6,2022-06-01
PHILADELPHIA,PA,8.6,2022-06-01
PITTSBURGH,PA,7.0,2022-06-01
AVOCA,PA,6.3,2022-06-01
WILLIAMSPORT,PA,5.9,2022-06-01
PROVIDENCE,RI,8.8,2022-06-01
CHARLESTON,SC,7.7,2022-06-01
COLUMBIA,SC,6.0,2022-06-01
ABERDEEN,SD,10.5,2022-06-01
HURON,SD,9.8,2022-06-01
RAPID CITY,SD,10.3,2022-06-01
SIOUX FALLS,SD,9.8,2022-06-01
CHATTANOOGA,TN,4.4,2022-06-01
KNOXVILLE,TN,5.6,2022-06-01
MEMPHIS,TN,7.4,2022-06-01
NASHVILLE,TN,6.1,2022-06-01
ABILENE,TX,11.3,2022-06-01
AMARILLO,TX,13.9,2022-06-01
AUSTIN,TX,6.6,2022-06-01
BROWNSVILLE,TX,10.9,2022-06-01
CORPUS CHRISTI,TX,10.7,2022-06-01
DALLAS,TX,10.3,2022-06-01
DEL RIO,TX,10.5,2022-06-01
EL PASO,TX,8.7,2022-06-01
GALVESTON,TX,11.1,2022-06-01
HOUSTON,TX,7.1,2022-06-01
LUBBOCK,TX,13.1,2022-06-01
PORT ARTHUR,TX,7.8,2022-06-01
SAN ANGELO,TX,9.9,2022-06-01
SAN ANTONIO,TX,9.2,2022-06-01
VICTORIA,TX,9.3,2022-06-01
WACO,TX,10.0,2022-06-01
WICHITA FALLS,TX,11.7,2022-06-01
SALT LAKE CITY,UT,9.2,2022-06-01
BURLINGTON,VT,7.6,2022-06-01
LYNCHBURG,VA,5.1,2022-06-01
NORFOLK,VA,9.1,2022-06-01
RICHMOND,VA,7.3,2022-06-01
ROANOKE,VA,5.9,2022-06-01
WALLOPS ISLAND,VA,8.9,2022-06-01
OLYMPIA,WA,6.1,2022-06-01
QUILLAYUTE,WA,5.1,2022-06-01
SEATTLE,WA,7.7,2022-06-01
SPOKANE,WA,9.3,2022-06-01
WALLA WALLA,WA,8.6,2022-06-01
YAKIMA,WA,7.7,2022-06-01
BECKLEY,WV,6.0,2022-06-01
CHARLESTON,WV,4.0,2022-06-01
ELKINS,WV,4.1,2022-06-01
HUNTINGTON,WV,5.1,2022-06-01
GREEN BAY,WI,7.9,2022-06-01
LA CROSSE,WI,8.1,2022-06-01
MADISON,WI,7.4,2022-06-01
MILWAUKEE,WI,9.0,2022-06-01
CASPER,WY,10.3,2022-06-01
CHEYENNE,WY,11.0,2022-06-01
LANDER,WY,7.5,2022-06-01
SHERIDAN,WY,7.2,2022-06-01
GUAM,PC,9.1,2022-06-01
KOROR,PC,5.4,2022-06-01
SAN JUAN,PR,8.9,2022-06-01
BIRMINGHAM,AL,5.2,2022-07-01
HUNTSVILLE,AL,5.2,2022-07-01
MOBILE,AL,5.7,2022-07-01
MONTGOMERY,AL,4.8,2022-07-01
ANCHORAGE,AK,7.1,2022-07-01
ANNETTE,AK,6.4,2022-07-01
BARROW,AK,12.2,2022-07-01
BETHEL,AK,9.6,2022-07-01
BETTLES,AK,5.4,2022-07-01
BIG DELTA,AK,6.8,2022-07-01
COLD BAY,AK,14.6,2022-07-01
FAIRBANKS,AK,5.3,2022-07-01
GULKANA,AK,7.0,2022-07-01
HOMER,AK,6.5,2022-07-01
JUNEAU,AK,6.6,2022-07-01
KING SALMON,AK,8.6,2022-07-01
KODIAK,AK,7.9,2022-07-01
KOTZEBUE,AK,11.4,2022-07-01
MCGRATH,AK,4.9,2022-07-01
NOME,AK,9.0,2022-07-01
TALKEETNA,AK,4.1,2022-07-01
VALDEZ,AK,4.8,2022-07-01
YAKUTAT,AK,4.9,2022-07-01
FLAGSTAFF,AZ,5.1,2022-07-01
PHOENIX,AZ,7.4,2022-07-01
TUCSON,AZ,7.9,2022-07-01
WINSLOW,AZ,8.4,2022-07-01
FORT SMITH,AR,5.6,2022-07-01
LITTLE ROCK,AR,6.1,2022-07-01
BAKERSFIELD,CA,7.4,2022-07-01
BISHOP,CA,8.0,2022-07-01
BLUE CANYON,CA,4.4,2022-07-01
FRESNO,CA,7.6,2022-07-01
LONG BEACH,CA,6.3,2022-07-01
LOS ANGELES,CA,2.1,2022-07-01
REDDING,CA,5.9,2022-07-01
SACRAMENTO,CA,7.6,2022-07-01
SAN DIEGO,CA,7.0,2022-07-01
SAN FRANCISCO,CA,13.0,2022-07-01
SANTA BARBARA,CA,6.0,2022-07-01
SANTA MARIA,CA,7.1,2022-07-01
STOCKTON,CA,8.7,2022-07-01
ALAMOSA,CO,6.9,2022-07-01
COLORADO SPRINGS,CO,8.9,2022-07-01
DENVER,CO,7.9,2022-07-01
GRAND JUNCTION,CO,9.2,2022-07-01
PUEBLO,CO,8.5,2022-07-01
BRIDGEPORT,CT,8.1,2022-07-01
HARTFORD,CT,6.7,2022-07-01
WILMINGTON,DE,7.4,2022-07-01
WASHINGTON DULLES,DC,5.7,2022-07-01
DAYTONA BEACH,FL,5.7,2022-07-01
FORT MYERS,FL,5.5,2022-07-01
GAINESVILLE,FL,5.0,2022-07-01
JACKSONVILLE,FL,5.8,2022-07-01
KEY WEST,FL,8.6,2022-07-01
MIAMI,FL,7.2,2022-07-01
ORLANDO,FL,6.3,2022-07-01
PENSACOLA,FL,6.7,2022-07-01
TALLAHASSEE,FL,4.5,2022-07-01
TAMPA,FL,5.8,2022-07-01
VERO BEACH,FL,6.8,2022-07-01
WEST PALM BEACH,FL,7.7,2022-07-01
ATHENS,GA,4.9,2022-07-01
ATLANTA,GA,7.1,2022-07-01
AUGUSTA,GA,5.0,2022-07-01
COLUMBUS,GA,5.5,2022-07-01
MACON,GA,5.2,2022-07-01
SAVANNAH,GA,6.2,2022-07-01
HILO,HI,6.5,2022-07-01
HONOLULU,HI,11.9,2022-07-01
KAHULUI,HI,15.3,2022-07-01
LIHUE,HI,14.6,2022-07-01
BOISE,ID,7.4,2022-07-01
LEWISTON,ID,5.8,2022-07-01
POCATELLO,ID,8.6,2022-07-01
CHICAGO,IL,8.2,2022-07-01
MOLINE,IL,6.5,2022-07-01
PEORIA,IL,6.4,2022-07-01
ROCKFORD,IL,7.3,2022-07-01
SPRINGFIELD,IL,6.7,2022-07-01
EVANSVILLE,IN,5.4,2022-07-01
FORT WAYNE,IN,6.9,2022-07-01
INDIANAPOLIS,IN,7.6,2022-07-01
SOUTH BEND,IN,7.2,2022-07-01
DES MOINES,IA,8.3,2022-07-01
DUBUQUE,IA,7.9,2022-07-01
SIOUX CITY,IA,8.2,2022-07-01
WATERLOO,IA,7.6,2022-07-01
CONCORDIA,KS,10.1,2022-07-01
DODGE CITY,KS,12.3,2022-07-01
GOODLAND,KS,11.1,2022-07-01
TOPEKA,KS,6.8,2022-07-01
WICHITA,KS,10.7,2022-07-01
JACKSON,KY,3.2,2022-07-01
LEXINGTON,KY,6.1,2022-07-01
LOUISVILLE,KY,6.6,2022-07-01
PADUCAH,KY,5.3,2022-07-01
BATON ROUGE,LA,5.2,2022-07-01
LAKE CHARLES,LA,5.5,2022-07-01
NEW ORLEANS,LA,5.9,2022-07-01
SHREVEPORT,LA,6.1,2022-07-01
CARIBOU,ME,6.6,2022-07-01
PORTLAND,ME,6.9,2022-07-01
BALTIMORE,MD,6.2,2022-07-01
BOSTON,MA,10.2,2022-07-01
WORCESTER,MA,8.8,2022-07-01
ALPENA,MI,6.4,2022-07-01
DETROIT,MI,7.9,2022-07-01
FLINT,MI,7.2,2022-07-01
GRAND RAPIDS,MI,7.9,2022-07-01
HOUGHTON LAKE,MI,6.8,2022-07-01
LANSING,MI,7.1,2022-07-01
MUSKEGON,MI,8.0,2022-07-01
DULUTH,MN,8.5,2022-07-01
INTERNATIONAL FALLS,MN,6.5,2022-07-01
ROCHESTER,MN,9.6,2022-07-01
SAINT CLOUD,MN,6.9,2022-07-01
JACKSON,MS,4.6,2022-07-01
MERIDIAN,MS,4.5,2022-07-01
TUPELO,MS,4.9,2022-07-01
COLUMBIA,MO,7.5,2022-07-01
KANSAS CITY,MO,8.9,2022-07-01
SPRINGFIELD,MO,7.4,2022-07-01
BILLINGS,MT,8.8,2022-07-01
GLASGOW,MT,10.4,2022-07-01
GREAT FALLS,MT,9.1,2022-07-01
HAVRE,MT,8.5,2022-07-01
HELENA,MT,7.1,2022-07-01
KALISPELL,MT,5.6,2022-07-01
MISSOULA,MT,6.3,2022-07-01
GRAND ISLAND,NE,9.3,2022-07-01
LINCOLN,NE,8.8,2022-07-01
NORFOLK,NE,8.9,2022-07-01
NORTH PLATTE,NE,8.5,2022-07-01
OMAHA,NE,8.6,2022-07-01
SCOTTSBLUFF,NE,8.6,2022-07-01
VALENTINE,NE,9.2,2022-07-01
ELKO,NV,6.1,2022-07-01
ELY,NV,9.5,2022-07-01
LAS VEGAS,NV,9.1,2022-07-01
RENO,NV,7.2,2022-07-01
WINNEMUCCA,NV,7.8,2022-07-01
CONCORD,NH,5.1,2022-07-01
ATLANTIC CITY,NJ,7.4,2022-07-01
NEWARK,NJ,8.7,2022-07-01
ALBUQUERQUE,NM,8.2,2022-07-01
CLAYTON,NM,11.3,2022-07-01
ROSWELL,NM,8.5,2022-07-01
ALBANY,NY,6.6,2022-07-01
BINGHAMTON,NY,7.2,2022-07-01
BUFFALO,NY,8.9,2022-07-01
ISLIP,NY,7.8,2022-07-01
NEW YORK JFK AP,NY,9.8,2022-07-01
ROCHESTER,NY,7.4,2022-07-01
SYRACUSE,NY,6.8,2022-07-01
ASHEVILLE,NC,4.9,2022-07-01
CAPE HATTERAS,NC,9.0,2022-07-01
CHARLOTTE,NC,5.7,2022-07-01
RALEIGH,NC,6.1,2022-07-01
WILMINGTON,NC,7.2,2022-07-01
BISMARCK,ND,8.5,2022-07-01
FARGO,ND,9.2,2022-07-01
GRAND FORKS,ND,8.4,2022-07-01
WILLISTON,ND,8.6,2022-07-01
AKRON,OH,7.2,2022-07-01
CINCINNATI,OH,6.5,2022-07-01
CLEVELAND,OH,7.8,2022-07-01
COLUMBUS,OH,6.0,2022-07-01
DAYTON,OH,7.4,2022-07-01
MANSFIELD,OH,7.5,2022-07-01
TOLEDO,OH,6.7,2022-07-01
YOUNGSTOWN,OH,6.7,2022-07-01
OKLAHOMA CITY,OK,9.8,2022-07-01
TULSA,OK,8.7,2022-07-01
ASTORIA,OR,8.2,2022-07-01
BURNS,OR,7.0,2022-07-01
EUGENE,OR,7.4,2022-07-01
MEDFORD,OR,5.2,2022-07-01
PENDLETON,OR,8.4,2022-07-01
PORTLAND,OR,7.1,2022-07-01
SALEM,OR,6.5,2022-07-01
SEXTON SUMMIT,OR,7.3,2022-07-01
ALLENTOWN,PA,6.1,2022-07-01
ERIE,PA,8.0,2022-07-01
PHILADELPHIA,PA,8.3,2022-07-01
PITTSBURGH,PA,6.2,2022-07-01
AVOCA,PA,5.9,2022-07-01
WILLIAMSPORT,PA,5.3,2022-07-01
PROVIDENCE,RI,8.4,2022-07-01
CHARLESTON,SC,7.3,2022-07-01
COLUMBIA,SC,5.7,2022-07-01
ABERDEEN,SD,9.1,2022-07-01
HURON,SD,9.0,2022-07-01
RAPID CITY,SD,9.5,2022-07-01
SIOUX FALLS,SD,9.1,2022-07-01
CHATTANOOGA,TN,4.2,2022-07-01
KNOXVILLE,TN,5.4,2022-07-01
MEMPHIS,TN,6.8,2022-07-01
NASHVILLE,TN,5.8,2022-07-01
ABILENE,TX,10.0,2022-07-01
AMARILLO,TX,12.4,2022-07-01
AUSTIN,TX,6.2,2022-07-01
BROWNSVILLE,TX,10.9,2022-07-01
CORPUS CHRISTI,TX,10.8,2022-07-01
DALLAS,TX,8.9,2022-07-01
DEL RIO,TX,9.9,2022-07-01
EL PASO,TX,7.7,2022-07-01
GALVESTON,TX,9.8,2022-07-01
HOUSTON,TX,6.2,2022-07-01
LUBBOCK,TX,10.9,2022-07-01
PORT ARTHUR,TX,6.3,2022-07-01
SAN ANGELO,TX,8.9,2022-07-01
SAN ANTONIO,TX,8.8,2022-07-01
VICTORIA,TX,8.5,2022-07-01
WACO,TX,9.8,2022-07-01
WICHITA FALLS,TX,10.7,2022-07-01
SALT LAKE CITY,UT,9.1,2022-07-01
BURLINGTON,VT,7.0,2022-07-01
LYNCHBURG,VA,4.7,2022-07-01
NORFOLK,VA,8.5,2022-07-01
RICHMOND,VA,6.9,2022-07-01
ROANOKE,VA,5.5,2022-07-01
WALLOPS ISLAND,VA,8.1,2022-07-01
OLYMPIA,WA,5.5,2022-07-01
QUILLAYUTE,WA,4.8,2022-07-01
SEATTLE,WA,7.3,2022-07-01
SPOKANE,WA,8.6,2022-07-01
WALLA WALLA,WA,8.2,2022-07-01
YAKIMA,WA,7.2,2022-07-01
BECKLEY,WV,5.4,2022-07-01
CHARLESTON,WV,3.5,2022-07-01
ELKINS,WV,3.6,2022-07-01
HUNTINGTON,WV,4.6,2022-07-01
GREEN BAY,WI,7.1,2022-07-01
LA CROSSE,WI,7.5,2022-07-01
MADISON,WI,6.6,2022-07-01
MILWAUKEE,WI,8.9,2022-07-01
CASPER,WY,9.3,2022-07-01
CHEYENNE,WY,9.9,2022-07-01
LANDER,WY,7.1,2022-07-01
SHERIDAN,WY,6.5,2022-07-01
GUAM,PC,7.5,2022-07-01
KOROR,PC,6.0,2022-07-01
SAN JUAN,PR,9.6,2022-07-01
BIRMINGHAM,AL,4.8,2022-08-01
HUNTSVILLE,AL,5.1,2022-08-01
MOBILE,AL,5.6,2022-08-01
MONTGOMERY,AL,4.6,2022-08-01
ANCHORAGE,AK,6.6,2022-08-01
ANNETTE,AK,6.5,2022-08-01
BARROW,AK,12.3,2022-08-01
BETHEL,AK,10.3,2022-08-01
BETTLES,AK,5.0,2022-08-01
BIG DELTA,AK,7.0,2022-08-01
COLD BAY,AK,15.0,2022-08-01
FAIRBANKS,AK,5.0,2022-08-01
GULKANA,AK,7.0,2022-08-01
HOMER,AK,6.2,2022-08-01
JUNEAU,AK,6.9,2022-08-01
KING SALMON,AK,8.8,2022-08-01
KODIAK,AK,8.5,2022-08-01
KOTZEBUE,AK,11.9,2022-08-01
MCGRATH,AK,4.8,2022-08-01
NOME,AK,9.5,2022-08-01
TALKEETNA,AK,3.4,2022-08-01
VALDEZ,AK,4.2,2022-08-01
YAKUTAT,AK,4.9,2022-08-01
FLAGSTAFF,AZ,4.4,2022-08-01
PHOENIX,AZ,6.8,2022-08-01
TUCSON,AZ,7.5,2022-08-01
WINSLOW,AZ,7.5,2022-08-01
FORT SMITH,AR,5.7,2022-08-01
LITTLE ROCK,AR,5.7,2022-08-01
BAKERSFIELD,CA,6.9,2022-08-01
BISHOP,CA,7.8,2022-08-01
BLUE CANYON,CA,4.5,2022-08-01
FRESNO,CA,6.9,2022-08-01
LONG BEACH,CA,6.1,2022-08-01
LOS ANGELES,CA,2.0,2022-08-01
REDDING,CA,5.4,2022-08-01
SACRAMENTO,CA,7.0,2022-08-01
SAN DIEGO,CA,6.8,2022-08-01
SAN FRANCISCO,CA,12.3,2022-08-01
SANTA BARBARA,CA,5.6,2022-08-01
SANTA MARIA,CA,6.8,2022-08-01
STOCKTON,CA,8.0,2022-08-01
ALAMOSA,CO,6.3,2022-08-01
COLORADO SPRINGS,CO,8.5,2022-08-01
DENVER,CO,7.5,2022-08-01
GRAND JUNCTION,CO,8.7,2022-08-01
PUEBLO,CO,7.9,2022-08-01
BRIDGEPORT,CT,8.3,2022-08-01
HARTFORD,CT,6.3,2022-08-01
WILMINGTON,DE,6.9,2022-08-01
WASHINGTON DULLES,DC,5.6,2022-08-01
DAYTONA BEACH,FL,5.7,2022-08-01
FORT MYERS,FL,5.8,2022-08-01
GAINESVILLE,FL,5.0,2022-08-01
JACKSONVILLE,FL,5.7,2022-08-01
KEY WEST,FL,8.5,2022-08-01
MIAMI,FL,7.1,2022-08-01
ORLANDO,FL,6.3,2022-08-01
PENSACOLA,FL,6.4,2022-08-01
TALLAHASSEE,FL,4.5,2022-08-01
TAMPA,FL,5.6,2022-08-01
VERO BEACH,FL,6.6,2022-08-01
WEST PALM BEACH,FL,7.7,2022-08-01
ATHENS,GA,4.7,2022-08-01
ATLANTA,GA,6.8,2022-08-01
AUGUSTA,GA,4.3,2022-08-01
COLUMBUS,GA,5.2,2022-08-01
MACON,GA,4.8,2022-08-01
SAVANNAH,GA,5.9,2022-08-01
HILO,HI,6.5,2022-08-01
HONOLULU,HI,11.7,2022-08-01
KAHULUI,HI,14.9,2022-08-01
LIHUE,HI,13.9,2022-08-01
BOISE,ID,7.3,2022-08-01
LEWISTON,ID,5.5,2022-08-01
POCATELLO,ID,8.5,2022-08-01
CHICAGO,IL,7.8,2022-08-01
MOLINE,IL,6.0,2022-08-01
PEORIA,IL,6.0,2022-08-01
ROCKFORD,IL,6.8,2022-08-01
SPRINGFIELD,IL,6.4,2022-08-01
EVANSVILLE,IN,5.0,2022-08-01
FORT WAYNE,IN,6.2,2022-08-01
INDIANAPOLIS,IN,7.3,2022-08-01
SOUTH BEND,IN,6.7,2022-08-01
DES MOINES,IA,7.8,2022-08-01
DUBUQUE,IA,7.6,2022-08-01
SIOUX CITY,IA,8.0,2022-08-01
WATERLOO,IA,7.2,2022-08-01
CONCORDIA,KS,9.5,2022-08-01
DODGE CITY,KS,11.6,2022-08-01
GOODLAND,KS,10.6,2022-08-01
TOPEKA,KS,6.2,2022-08-01
WICHITA,KS,10.1,2022-08-01
JACKSON,KY,3.1,2022-08-01
LEXINGTON,KY,5.9,2022-08-01
LOUISVILLE,KY,6.2,2022-08-01
PADUCAH,KY,4.7,2022-08-01
BATON ROUGE,LA,4.9,2022-08-01
LAKE CHARLES,LA,5.3,2022-08-01
NEW ORLEANS,LA,6.1,2022-08-01
SHREVEPORT,LA,5.7,2022-08-01
CARIBOU,ME,6.3,2022-08-01
PORTLAND,ME,6.7,2022-08-01
BALTIMORE,MD,5.8,2022-08-01
BOSTON,MA,9.9,2022-08-01
WORCESTER,MA,8.4,2022-08-01
ALPENA,MI,6.2,2022-08-01
DETROIT,MI,7.3,2022-08-01
FLINT,MI,6.8,2022-08-01
GRAND RAPIDS,MI,7.4,2022-08-01
HOUGHTON LAKE,MI,6.6,2022-08-01
LANSING,MI,6.7,2022-08-01
MUSKEGON,MI,7.7,2022-08-01
DULUTH,MN,8.5,2022-08-01
INTERNATIONAL FALLS,MN,6.4,2022-08-01
ROCHESTER,MN,9.2,2022-08-01
SAINT CLOUD,MN,6.6,2022-08-01
JACKSON,MS,4.5,2022-08-01
MERIDIAN,MS,4.3,2022-08-01
TUPELO,MS,4.9,2022-08-01
COLUMBIA,MO,7.4,2022-08-01
KANSAS CITY,MO,8.5,2022-08-01
SPRINGFIELD,MO,7.3,2022-08-01
BILLINGS,MT,8.8,2022-08-01
GLASGOW,MT,10.7,2022-08-01
GREAT FALLS,MT,9.1,2022-08-01
HAVRE,MT,8.4,2022-08-01
HELENA,MT,6.5,2022-08-01
KALISPELL,MT,5.4,2022-08-01
MISSOULA,MT,5.8,2022-08-01
GRAND ISLAND,NE,9.0,2022-08-01
LINCOLN,NE,8.5,2022-08-01
NORFOLK,NE,8.8,2022-08-01
NORTH PLATTE,NE,8.1,2022-08-01
OMAHA,NE,8.3,2022-08-01
SCOTTSBLUFF,NE,8.2,2022-08-01
VALENTINE,NE,9.3,2022-08-01
ELKO,NV,5.7,2022-08-01
ELY,NV,9.6,2022-08-01
LAS VEGAS,NV,8.7,2022-08-01
RENO,NV,6.6,2022-08-01
WINNEMUCCA,NV,7.4,2022-08-01
CONCORD,NH,4.6,2022-08-01
ATLANTIC CITY,NJ,6.9,2022-08-01
NEWARK,NJ,8.4,2022-08-01
ALBUQUERQUE,NM,7.6,2022-08-01
CLAYTON,NM,10.4,2022-08-01
ROSWELL,NM,7.6,2022-08-01
ALBANY,NY,6.0,2022-08-01
BINGHAMTON,NY,7.0,2022-08-01
BUFFALO,NY,8.3,2022-08-01
ISLIP,NY,7.5,2022-08-01
NEW YORK JFK AP,NY,9.4,2022-08-01
ROCHESTER,NY,7.0,2022-08-01
SYRACUSE,NY,6.3,2022-08-01
ASHEVILLE,NC,4.5,2022-08-01
CAPE HATTERAS,NC,8.4,2022-08-01
CHARLOTTE,NC,5.4,2022-08-01
RALEIGH,NC,5.6,2022-08-01
WILMINGTON,NC,6.5,2022-08-01
BISMARCK,ND,8.6,2022-08-01
FARGO,ND,9.5,2022-08-01
GRAND FORKS,ND,8.5,2022-08-01
WILLISTON,ND,8.5,2022-08-01
AKRON,OH,6.9,2022-08-01
CINCINNATI,OH,6.3,2022-08-01
CLEVELAND,OH,7.5,2022-08-01
COLUMBUS,OH,5.6,2022-08-01
DAYTON,OH,7.0,2022-08-01
MANSFIELD,OH,7.2,2022-08-01
TOLEDO,OH,6.2,2022-08-01
YOUNGSTOWN,OH,6.4,2022-08-01
OKLAHOMA CITY,OK,9.3,2022-08-01
TULSA,OK,7.9,2022-08-01
ASTORIA,OR,7.5,2022-08-01
BURNS,OR,6.7,2022-08-01
EUGENE,OR,7.1,2022-08-01
MEDFORD,OR,4.6,2022-08-01
PENDLETON,OR,8.2,2022-08-01
PORTLAND,OR,6.6,2022-08-01
SALEM,OR,5.9,2022-08-01
SEXTON SUMMIT,OR,6.9,2022-08-01
ALLENTOWN,PA,5.7,2022-08-01
ERIE,PA,8.0,2022-08-01
PHILADELPHIA,PA,7.8,2022-08-01
PITTSBURGH,PA,5.9,2022-08-01
AVOCA,PA,5.5,2022-08-01
WILLIAMSPORT,PA,4.8,2022-08-01
PROVIDENCE,RI,8.1,2022-08-01
CHARLESTON,SC,6.8,2022-08-01
COLUMBIA,SC,5.1,2022-08-01
ABERDEEN,SD,9.0,2022-08-01
HURON,SD,8.9,2022-08-01
RAPID CITY,SD,9.4,2022-08-01
SIOUX FALLS,SD,8.7,2022-08-01
CHATTANOOGA,TN,3.9,2022-08-01
KNOXVILLE,TN,4.8,2022-08-01
MEMPHIS,TN,6.6,2022-08-01
NASHVILLE,TN,5.5,2022-08-01
ABILENE,TX,9.0,2022-08-01
AMARILLO,TX,11.4,2022-08-01
AUSTIN,TX,5.7,2022-08-01
BROWNSVILLE,TX,9.4,2022-08-01
CORPUS CHRISTI,TX,10.3,2022-08-01
DALLAS,TX,8.2,2022-08-01
DEL RIO,TX,8.9,2022-08-01
EL PASO,TX,7.0,2022-08-01
GALVESTON,TX,9.5,2022-08-01
HOUSTON,TX,5.9,2022-08-01
LUBBOCK,TX,10.0,2022-08-01
PORT ARTHUR,TX,6.0,2022-08-01
SAN ANGELO,TX,8.1,2022-08-01
SAN ANTONIO,TX,8.1,2022-08-01
VICTORIA,TX,8.0,2022-08-01
WACO,TX,9.1,2022-08-01
WICHITA FALLS,TX,9.7,2022-08-01
SALT LAKE CITY,UT,9.3,2022-08-01
BURLINGTON,VT,6.9,2022-08-01
LYNCHBURG,VA,4.4,2022-08-01
NORFOLK,VA,8.0,2022-08-01
RICHMOND,VA,6.3,2022-08-01
ROANOKE,VA,5.0,2022-08-01
WALLOPS ISLAND,VA,7.9,2022-08-01
OLYMPIA,WA,5.2,2022-08-01
QUILLAYUTE,WA,4.4,2022-08-01
SEATTLE,WA,7.0,2022-08-01
SPOKANE,WA,8.1,2022-08-01
WALLA WALLA,WA,7.9,2022-08-01
YAKIMA,WA,6.7,2022-08-01
BECKLEY,WV,5.2,2022-08-01
CHARLESTON,WV,3.1,2022-08-01
ELKINS,WV,3.1,2022-08-01
HUNTINGTON,WV,4.2,2022-08-01
GREEN BAY,WI,6.6,2022-08-01
LA CROSSE,WI,7.1,2022-08-01
MADISON,WI,6.3,2022-08-01
MILWAUKEE,WI,8.4,2022-08-01
CASPER,WY,9.5,2022-08-01
CHEYENNE,WY,9.8,2022-08-01
LANDER,WY,7.0,2022-08-01
SHERIDAN,WY,6.3,2022-08-01
GUAM,PC,7.0,2022-08-01
KOROR,PC,6.6,2022-08-01
SAN JUAN,PR,8.4,2022-08-01
BIRMINGHAM,AL,5.3,2022-09-01
HUNTSVILLE,AL,6.0,2022-09-01
MOBILE,AL,6.6,2022-09-01
MONTGOMERY,AL,5.4,2022-09-01
ANCHORAGE,AK,6.8,2022-09-01
ANNETTE,AK,6.9,2022-09-01
BARROW,AK,12.9,2022-09-01
BETHEL,AK,10.5,2022-09-01
BETTLES,AK,5.3,2022-09-01
BIG DELTA,AK,8.5,2022-09-01
COLD BAY,AK,15.8,2022-09-01
FAIRBANKS,AK,4.8,2022-09-01
GULKANA,AK,7.0,2022-09-01
HOMER,AK,6.5,2022-09-01
JUNEAU,AK,7.6,2022-09-01
KING SALMON,AK,9.4,2022-09-01
KODIAK,AK,9.6,2022-09-01
KOTZEBUE,AK,12.2,2022-09-01
MCGRATH,AK,4.9,2022-09-01
NOME,AK,10.0,2022-09-01
TALKEETNA,AK,3.3,2022-09-01
VALDEZ,AK,4.4,2022-09-01
YAKUTAT,AK,5.5,2022-09-01
FLAGSTAFF,AZ,5.0,2022-09-01
PHOENIX,AZ,6.2,2022-09-01
TUCSON,AZ,7.7,2022-09-01
WINSLOW,AZ,7.2,2022-09-01
FORT SMITH,AR,6.0,2022-09-01
LITTLE ROCK,AR,5.9,2022-09-01
BAKERSFIELD,CA,6.3,2022-09-01
BISHOP,CA,7.6,2022-09-01
BLUE CANYON,CA,5.0,2022-09-01
FRESNO,CA,6.0,2022-09-01
LONG BEACH,CA,5.6,2022-09-01
LOS ANGELES,CA,1.7,2022-09-01
REDDING,CA,5.6,2022-09-01
SACRAMENTO,CA,5.8,2022-09-01
SAN DIEGO,CA,6.6,2022-09-01
SAN FRANCISCO,CA,11.1,2022-09-01
SANTA BARBARA,CA,5.2,2022-09-01
SANTA MARIA,CA,6.5,2022-09-01
STOCKTON,CA,7.3,2022-09-01
ALAMOSA,CO,6.7,2022-09-01
COLORADO SPRINGS,CO,9.0,2022-09-01
DENVER,CO,7.4,2022-09-01
GRAND JUNCTION,CO,8.4,2022-09-01
PUEBLO,CO,7.8,2022-09-01
BRIDGEPORT,CT,9.1,2022-09-01
HARTFORD,CT,6.7,2022-09-01
WILMINGTON,DE,7.4,2022-09-01
WASHINGTON DULLES,DC,6.0,2022-09-01
DAYTONA BEACH,FL,6.7,2022-09-01
FORT MYERS,FL,6.4,2022-09-01
GAINESVILLE,FL,5.5,2022-09-01
JACKSONVILLE,FL,6.3,2022-09-01
KEY WEST,FL,8.8,2022-09-01
MIAMI,FL,7.4,2022-09-01
ORLANDO,FL,7.0,2022-09-01
PENSACOLA,FL,7.0,2022-09-01
TALLAHASSEE,FL,5.4,2022-09-01
TAMPA,FL,6.2,2022-09-01
VERO BEACH,FL,7.3,2022-09-01
WEST PALM BEACH,FL,8.4,2022-09-01
ATHENS,GA,5.4,2022-09-01
ATLANTA,GA,7.6,2022-09-01
AUGUSTA,GA,4.7,2022-09-01
COLUMBUS,GA,5.8,2022-09-01
MACON,GA,5.3,2022-09-01
SAVANNAH,GA,6.6,2022-09-01
HILO,HI,6.5,2022-09-01
HONOLULU,HI,10.2,2022-09-01
KAHULUI,HI,13.0,2022-09-01
LIHUE,HI,12.7,2022-09-01
BOISE,ID,7.1,2022-09-01
LEWISTON,ID,4.9,2022-09-01
POCATELLO,ID,8.4,2022-09-01
CHICAGO,IL,8.5,2022-09-01
MOLINE,IL,6.8,2022-09-01
PEORIA,IL,6.6,2022-09-01
ROCKFORD,IL,7.6,2022-09-01
SPRINGFIELD,IL,7.1,2022-09-01
EVANSVILLE,IN,5.3,2022-09-01
FORT WAYNE,IN,6.9,2022-09-01
INDIANAPOLIS,IN,7.9,2022-09-01
SOUTH BEND,IN,7.3,2022-09-01
DES MOINES,IA,8.8,2022-09-01
DUBUQUE,IA,8.7,2022-09-01
SIOUX CITY,IA,9.1,2022-09-01
WATERLOO,IA,8.4,2022-09-01
CONCORDIA,KS,10.5,2022-09-01
DODGE CITY,KS,12.9,2022-09-01
GOODLAND,KS,11.4,2022-09-01
TOPEKA,KS,6.9,2022-09-01
WICHITA,KS,10.9,2022-09-01
JACKSON,KY,3.5,2022-09-01
LEXINGTON,KY,6.4,2022-09-01
LOUISVILLE,KY,6.4,2022-09-01
PADUCAH,KY,5.1,2022-09-01
BATON ROUGE,LA,5.4,2022-09-01
LAKE CHARLES,LA,6.5,2022-09-01
NEW ORLEANS,LA,7.2,2022-09-01
SHREVEPORT,LA,6.2,2022-09-01
CARIBOU,ME,7.1,2022-09-01
PORTLAND,ME,7.0,2022-09-01
BALTIMORE,MD,6.3,2022-09-01
BOSTON,MA,10.4,2022-09-01
WORCESTER,MA,8.8,2022-09-01
ALPENA,MI,6.6,2022-09-01
DETROIT,MI,7.7,2022-09-01
FLINT,MI,7.5,2022-09-01
GRAND RAPIDS,MI,7.8,2022-09-01
HOUGHTON LAKE,MI,7.1,2022-09-01
LANSING,MI,7.2,2022-09-01
MUSKEGON,MI,8.4,2022-09-01
DULUTH,MN,9.5,2022-09-01
INTERNATIONAL FALLS,MN,7.3,2022-09-01
ROCHESTER,MN,10.5,2022-09-01
SAINT CLOUD,MN,7.6,2022-09-01
JACKSON,MS,5.3,2022-09-01
MERIDIAN,MS,5.0,2022-09-01
TUPELO,MS,5.7,2022-09-01
COLUMBIA,MO,8.0,2022-09-01
KANSAS CITY,MO,9.3,2022-09-01
SPRINGFIELD,MO,7.9,2022-09-01
BILLINGS,MT,9.3,2022-09-01
GLASGOW,MT,10.5,2022-09-01
GREAT FALLS,MT,10.0,2022-09-01
HAVRE,MT,8.6,2022-09-01
HELENA,MT,6.4,2022-09-01
KALISPELL,MT,5.1,2022-09-01
MISSOULA,MT,5.1,2022-09-01
GRAND ISLAND,NE,10.3,2022-09-01
LINCOLN,NE,9.3,2022-09-01
NORFOLK,NE,9.9,2022-09-01
NORTH PLATTE,NE,8.8,2022-09-01
OMAHA,NE,9.3,2022-09-01
SCOTTSBLUFF,NE,8.5,2022-09-01
VALENTINE,NE,9.8,2022-09-01
ELKO,NV,5.3,2022-09-01
ELY,NV,9.4,2022-09-01
LAS VEGAS,NV,8.0,2022-09-01
RENO,NV,5.6,2022-09-01
WINNEMUCCA,NV,7.1,2022-09-01
CONCORD,NH,4.8,2022-09-01
ATLANTIC CITY,NJ,7.4,2022-09-01
NEWARK,NJ,8.7,2022-09-01
ALBUQUERQUE,NM,7.6,2022-09-01
CLAYTON,NM,11.4,2022-09-01
ROSWELL,NM,7.9,2022-09-01
ALBANY,NY,6.3,2022-09-01
BINGHAMTON,NY,7.6,2022-09-01
BUFFALO,NY,8.5,2022-09-01
ISLIP,NY,7.9,2022-09-01
NEW YORK JFK AP,NY,9.8,2022-09-01
ROCHESTER,NY,7.3,2022-09-01
SYRACUSE,NY,6.8,2022-09-01
ASHEVILLE,NC,4.7,2022-09-01
CAPE HATTERAS,NC,9.4,2022-09-01
CHARLOTTE,NC,6.1,2022-09-01
RALEIGH,NC,5.9,2022-09-01
WILMINGTON,NC,7.2,2022-09-01
BISMARCK,ND,9.0,2022-09-01
FARGO,ND,10.5,2022-09-01
GRAND FORKS,ND,9.8,2022-09-01
WILLISTON,ND,8.7,2022-09-01
AKRON,OH,7.5,2022-09-01
CINCINNATI,OH,6.7,2022-09-01
CLEVELAND,OH,8.1,2022-09-01
COLUMBUS,OH,5.9,2022-09-01
DAYTON,OH,7.6,2022-09-01
MANSFIELD,OH,7.9,2022-09-01
TOLEDO,OH,6.7,2022-09-01
YOUNGSTOWN,OH,7.0,2022-09-01
OKLAHOMA CITY,OK,9.7,2022-09-01
TULSA,OK,8.0,2022-09-01
ASTORIA,OR,6.8,2022-09-01
BURNS,OR,6.3,2022-09-01
EUGENE,OR,6.8,2022-09-01
MEDFORD,OR,3.7,2022-09-01
PENDLETON,OR,7.7,2022-09-01
PORTLAND,OR,6.1,2022-09-01
SALEM,OR,5.5,2022-09-01
SEXTON SUMMIT,OR,7.0,2022-09-01
ALLENTOWN,PA,6.0,2022-09-01
ERIE,PA,8.9,2022-09-01
PHILADELPHIA,PA,8.1,2022-09-01
PITTSBURGH,PA,6.2,2022-09-01
AVOCA,PA,5.9,2022-09-01
WILLIAMSPORT,PA,5.1,2022-09-01
PROVIDENCE,RI,8.1,2022-09-01
CHARLESTON,SC,7.3,2022-09-01
COLUMBIA,SC,5.5,2022-09-01
ABERDEEN,SD,10.1,2022-09-01
HURON,SD,9.8,2022-09-01
RAPID CITY,SD,10.1,2022-09-01
SIOUX FALLS,SD,9.6,2022-09-01
CHATTANOOGA,TN,4.0,2022-09-01
KNOXVILLE,TN,4.8,2022-09-01
MEMPHIS,TN,7.0,2022-09-01
NASHVILLE,TN,5.8,2022-09-01
ABILENE,TX,9.1,2022-09-01
AMARILLO,TX,12.1,2022-09-01
AUSTIN,TX,5.4,2022-09-01
BROWNSVILLE,TX,7.9,2022-09-01
CORPUS CHRISTI,TX,9.7,2022-09-01
DALLAS,TX,7.9,2022-09-01
DEL RIO,TX,7.7,2022-09-01
EL PASO,TX,6.9,2022-09-01
GALVESTON,TX,9.9,2022-09-01
HOUSTON,TX,6.3,2022-09-01
LUBBOCK,TX,10.2,2022-09-01
PORT ARTHUR,TX,7.2,2022-09-01
SAN ANGELO,TX,7.9,2022-09-01
SAN ANTONIO,TX,7.3,2022-09-01
VICTORIA,TX,7.8,2022-09-01
WACO,TX,8.4,2022-09-01
WICHITA FALLS,TX,9.6,2022-09-01
SALT LAKE CITY,UT,8.7,2022-09-01
BURLINGTON,VT,7.4,2022-09-01
LYNCHBURG,VA,4.9,2022-09-01
NORFOLK,VA,9.1,2022-09-01
RICHMOND,VA,6.8,2022-09-01
ROANOKE,VA,5.1,2022-09-01
WALLOPS ISLAND,VA,8.7,2022-09-01
OLYMPIA,WA,4.9,2022-09-01
QUILLAYUTE,WA,4.3,2022-09-01
SEATTLE,WA,7.0,2022-09-01
SPOKANE,WA,7.9,2022-09-01
WALLA WALLA,WA,7.3,2022-09-01
YAKIMA,WA,6.3,2022-09-01
BECKLEY,WV,5.8,2022-09-01
CHARLESTON,WV,3.2,2022-09-01
ELKINS,WV,3.3,2022-09-01
HUNTINGTON,WV,4.5,2022-09-01
GREEN BAY,WI,7.5,2022-09-01
LA CROSSE,WI,8.0,2022-09-01
MADISON,WI,7.0,2022-09-01
MILWAUKEE,WI,9.0,2022-09-01
CASPER,WY,10.1,2022-09-01
CHEYENNE,WY,10.5,2022-09-01
LANDER,WY,6.4,2022-09-01
SHERIDAN,WY,6.5,2022-09-01
GUAM,PC,6.7,2022-09-01
KOROR,PC,6.4,2022-09-01
SAN JUAN,PR,6.8,2022-09-01
BIRMINGHAM,AL,5.5,2022-10-01
HUNTSVILLE,AL,6.5,2022-10-01
MOBILE,AL,7.0,2022-10-01
MONTGOMERY,AL,5.4,2022-10-01
ANCHORAGE,AK,6.5,2022-10-01
ANNETTE,AK,8.2,2022-10-01
BARROW,AK,13.9,2022-10-01
BETHEL,AK,11.4,2022-10-01
BETTLES,AK,5.2,2022-10-01
BIG DELTA,AK,9.2,2022-10-01
COLD BAY,AK,16.1,2022-10-01
FAIRBANKS,AK,4.0,2022-10-01
GULKANA,AK,5.0,2022-10-01
HOMER,AK,6.6,2022-10-01
JUNEAU,AK,8.2,2022-10-01
KING SALMON,AK,9.4,2022-10-01
KODIAK,AK,10.9,2022-10-01
KOTZEBUE,AK,13.0,2022-10-01
MCGRATH,AK,4.5,2022-10-01
NOME,AK,9.5,2022-10-01
TALKEETNA,AK,3.7,2022-10-01
VALDEZ,AK,6.1,2022-10-01
YAKUTAT,AK,5.8,2022-10-01
FLAGSTAFF,AZ,5.7,2022-10-01
PHOENIX,AZ,5.5,2022-10-01
TUCSON,AZ,7.5,2022-10-01
WINSLOW,AZ,7.0,2022-10-01
FORT SMITH,AR,6.4,2022-10-01
LITTLE ROCK,AR,6.1,2022-10-01
BAKERSFIELD,CA,5.6,2022-10-01
BISHOP,CA,7.6,2022-10-01
BLUE CANYON,CA,5.1,2022-10-01
FRESNO,CA,4.6,2022-10-01
LONG BEACH,CA,5.0,2022-10-01
LOS ANGELES,CA,1.5,2022-10-01
REDDING,CA,5.7,2022-10-01
SACRAMENTO,CA,5.1,2022-10-01
SAN DIEGO,CA,5.7,2022-10-01
SAN FRANCISCO,CA,9.1,2022-10-01
SANTA BARBARA,CA,4.7,2022-10-01
SANTA MARIA,CA,6.6,2022-10-01
STOCKTON,CA,6.3,2022-10-01
ALAMOSA,CO,6.8,2022-10-01
COLORADO SPRINGS,CO,9.3,2022-10-01
DENVER,CO,7.2,2022-10-01
GRAND JUNCTION,CO,7.4,2022-10-01
PUEBLO,CO,7.6,2022-10-01
BRIDGEPORT,CT,9.6,2022-10-01
HARTFORD,CT,7.3,2022-10-01
WILMINGTON,DE,7.7,2022-10-01
WASHINGTON DULLES,DC,6.3,2022-10-01
DAYTONA BEACH,FL,7.5,2022-10-01
FORT MYERS,FL,7.5,2022-10-01
GAINESVILLE,FL,5.9,2022-10-01
JACKSONVILLE,FL,6.5,2022-10-01
KEY WEST,FL,10.3,2022-10-01
MIAMI,FL,8.6,2022-10-01
ORLANDO,FL,7.8,2022-10-01
PENSACOLA,FL,7.4,2022-10-01
TALLAHASSEE,FL,5.5,2022-10-01
TAMPA,FL,6.7,2022-10-01
VERO BEACH,FL,8.5,2022-10-01
WEST PALM BEACH,FL,9.9,2022-10-01
ATHENS,GA,5.5,2022-10-01
ATLANTA,GA,7.9,2022-10-01
AUGUSTA,GA,4.7,2022-10-01
COLUMBUS,GA,5.7,2022-10-01
MACON,GA,5.4,2022-10-01
SAVANNAH,GA,6.5,2022-10-01
HILO,HI,6.3,2022-10-01
HONOLULU,HI,9.5,2022-10-01
KAHULUI,HI,11.9,2022-10-01
LIHUE,HI,12.5,2022-10-01
BOISE,ID,7.0,2022-10-01
LEWISTON,ID,4.9,2022-10-01
POCATELLO,ID,9.4,2022-10-01
CHICAGO,IL,9.7,2022-10-01
MOLINE,IL,8.2,2022-10-01
PEORIA,IL,7.9,2022-10-01
ROCKFORD,IL,9.0,2022-10-01
SPRINGFIELD,IL,8.9,2022-10-01
EVANSVILLE,IN,6.1,2022-10-01
FORT WAYNE,IN,8.6,2022-10-01
INDIANAPOLIS,IN,9.1,2022-10-01
SOUTH BEND,IN,8.7,2022-10-01
DES MOINES,IA,9.7,2022-10-01
DUBUQUE,IA,10.3,2022-10-01
SIOUX CITY,IA,10.1,2022-10-01
WATERLOO,IA,9.6,2022-10-01
CONCORDIA,KS,10.8,2022-10-01
DODGE CITY,KS,12.8,2022-10-01
GOODLAND,KS,11.7,2022-10-01
TOPEKA,KS,7.7,2022-10-01
WICHITA,KS,11.2,2022-10-01
JACKSON,KY,4.2,2022-10-01
LEXINGTON,KY,7.3,2022-10-01
LOUISVILLE,KY,7.1,2022-10-01
PADUCAH,KY,6.2,2022-10-01
BATON ROUGE,LA,5.6,2022-10-01
LAKE CHARLES,LA,7.2,2022-10-01
NEW ORLEANS,LA,7.9,2022-10-01
SHREVEPORT,LA,6.4,2022-10-01
CARIBOU,ME,7.9,2022-10-01
PORTLAND,ME,7.7,2022-10-01
BALTIMORE,MD,6.5,2022-10-01
BOSTON,MA,11.3,2022-10-01
WORCESTER,MA,9.9,2022-10-01
ALPENA,MI,7.6,2022-10-01
DETROIT,MI,9.2,2022-10-01
FLINT,MI,8.8,2022-10-01
GRAND RAPIDS,MI,9.2,2022-10-01
HOUGHTON LAKE,MI,8.3,2022-10-01
LANSING,MI,8.6,2022-10-01
MUSKEGON,MI,9.9,2022-10-01
DULUTH,MN,10.4,2022-10-01
INTERNATIONAL FALLS,MN,8.0,2022-10-01
ROCHESTER,MN,11.9,2022-10-01
SAINT CLOUD,MN,8.5,2022-10-01
JACKSON,MS,5.5,2022-10-01
MERIDIAN,MS,5.1,2022-10-01
TUPELO,MS,5.7,2022-10-01
COLUMBIA,MO,9.3,2022-10-01
KANSAS CITY,MO,10.2,2022-10-01
SPRINGFIELD,MO,9.0,2022-10-01
BILLINGS,MT,10.6,2022-10-01
GLASGOW,MT,10.5,2022-10-01
GREAT FALLS,MT,11.8,2022-10-01
HAVRE,MT,9.3,2022-10-01
HELENA,MT,6.6,2022-10-01
KALISPELL,MT,4.6,2022-10-01
MISSOULA,MT,4.5,2022-10-01
GRAND ISLAND,NE,11.0,2022-10-01
LINCOLN,NE,9.6,2022-10-01
NORFOLK,NE,10.5,2022-10-01
NORTH PLATTE,NE,9.0,2022-10-01
OMAHA,NE,9.8,2022-10-01
SCOTTSBLUFF,NE,9.2,2022-10-01
VALENTINE,NE,9.9,2022-10-01
ELKO,NV,4.9,2022-10-01
ELY,NV,9.2,2022-10-01
LAS VEGAS,NV,7.4,2022-10-01
RENO,NV,4.9,2022-10-01
WINNEMUCCA,NV,6.7,2022-10-01
CONCORD,NH,5.4,2022-10-01
ATLANTIC CITY,NJ,7.9,2022-10-01
NEWARK,NJ,9.4,2022-10-01
ALBUQUERQUE,NM,7.6,2022-10-01
CLAYTON,NM,11.8,2022-10-01
ROSWELL,NM,7.7,2022-10-01
ALBANY,NY,7.1,2022-10-01
BINGHAMTON,NY,8.6,2022-10-01
BUFFALO,NY,9.7,2022-10-01
ISLIP,NY,8.6,2022-10-01
NEW YORK JFK AP,NY,10.7,2022-10-01
ROCHESTER,NY,8.4,2022-10-01
SYRACUSE,NY,7.7,2022-10-01
ASHEVILLE,NC,5.7,2022-10-01
CAPE HATTERAS,NC,9.2,2022-10-01
CHARLOTTE,NC,5.7,2022-10-01
RALEIGH,NC,5.6,2022-10-01
WILMINGTON,NC,6.8,2022-10-01
BISMARCK,ND,9.5,2022-10-01
FARGO,ND,11.6,2022-10-01
GRAND FORKS,ND,10.6,2022-10-01
WILLISTON,ND,9.1,2022-10-01
AKRON,OH,8.7,2022-10-01
CINCINNATI,OH,7.6,2022-10-01
CLEVELAND,OH,9.3,2022-10-01
COLUMBUS,OH,6.9,2022-10-01
DAYTON,OH,8.9,2022-10-01
MANSFIELD,OH,9.5,2022-10-01
TOLEDO,OH,8.1,2022-10-01
YOUNGSTOWN,OH,8.2,2022-10-01
OKLAHOMA CITY,OK,11.0,2022-10-01
TULSA,OK,8.8,2022-10-01
ASTORIA,OR,6.9,2022-10-01
BURNS,OR,5.9,2022-10-01
EUGENE,OR,6.4,2022-10-01
MEDFORD,OR,3.0,2022-10-01
PENDLETON,OR,7.5,2022-10-01
PORTLAND,OR,6.2,2022-10-01
SALEM,OR,5.6,2022-10-01
SEXTON SUMMIT,OR,8.3,2022-10-01
ALLENTOWN,PA,6.7,2022-10-01
ERIE,PA,10.2,2022-10-01
PHILADELPHIA,PA,8.7,2022-10-01
PITTSBURGH,PA,7.1,2022-10-01
AVOCA,PA,6.4,2022-10-01
WILLIAMSPORT,PA,5.7,2022-10-01
PROVIDENCE,RI,8.7,2022-10-01
CHARLESTON,SC,7.2,2022-10-01
COLUMBIA,SC,5.3,2022-10-01
ABERDEEN,SD,10.7,2022-10-01
HURON,SD,10.4,2022-10-01
RAPID CITY,SD,10.8,2022-10-01
SIOUX FALLS,SD,10.0,2022-10-01
CHATTANOOGA,TN,4.2,2022-10-01
KNOXVILLE,TN,5.0,2022-10-01
MEMPHIS,TN,7.3,2022-10-01
NASHVILLE,TN,6.3,2022-10-01
ABILENE,TX,10.4,2022-10-01
AMARILLO,TX,12.5,2022-10-01
AUSTIN,TX,5.8,2022-10-01
BROWNSVILLE,TX,8.6,2022-10-01
CORPUS CHRISTI,TX,10.6,2022-10-01
DALLAS,TX,8.7,2022-10-01
DEL RIO,TX,8.1,2022-10-01
EL PASO,TX,7.1,2022-10-01
GALVESTON,TX,10.7,2022-10-01
HOUSTON,TX,6.9,2022-10-01
LUBBOCK,TX,11.1,2022-10-01
PORT ARTHUR,TX,8.1,2022-10-01
SAN ANGELO,TX,8.6,2022-10-01
SAN ANTONIO,TX,7.5,2022-10-01
VICTORIA,TX,8.4,2022-10-01
WACO,TX,9.2,2022-10-01
WICHITA FALLS,TX,10.7,2022-10-01
SALT LAKE CITY,UT,7.9,2022-10-01
BURLINGTON,VT,8.1,2022-10-01
LYNCHBURG,VA,5.1,2022-10-01
NORFOLK,VA,9.1,2022-10-01
RICHMOND,VA,6.9,2022-10-01
ROANOKE,VA,5.7,2022-10-01
WALLOPS ISLAND,VA,8.4,2022-10-01
OLYMPIA,WA,5.3,2022-10-01
QUILLAYUTE,WA,4.9,2022-10-01
SEATTLE,WA,7.4,2022-10-01
SPOKANE,WA,8.2,2022-10-01
WALLA WALLA,WA,7.2,2022-10-01
YAKIMA,WA,5.7,2022-10-01
BECKLEY,WV,6.6,2022-10-01
CHARLESTON,WV,3.7,2022-10-01
ELKINS,WV,4.1,2022-10-01
HUNTINGTON,WV,5.1,2022-10-01
GREEN BAY,WI,8.8,2022-10-01
LA CROSSE,WI,8.9,2022-10-01
MADISON,WI,8.0,2022-10-01
MILWAUKEE,WI,10.2,2022-10-01
CASPER,WY,11.4,2022-10-01
CHEYENNE,WY,11.8,2022-10-01
LANDER,WY,5.7,2022-10-01
SHERIDAN,WY,6.9,2022-10-01
GUAM,PC,7.7,2022-10-01
KOROR,PC,5.9,2022-10-01
SAN JUAN,PR,6.1,2022-10-01
BIRMINGHAM,AL,6.0,2022-11-01
HUNTSVILLE,AL,7.3,2022-11-01
MOBILE,AL,7.6,2022-11-01
MONTGOMERY,AL,5.8,2022-11-01
ANCHORAGE,AK,6.5,2022-11-01
ANNETTE,AK,8.9,2022-11-01
BARROW,AK,13.3,2022-11-01
BETHEL,AK,12.3,2022-11-01
BETTLES,AK,4.8,2022-11-01
BIG DELTA,AK,10.6,2022-11-01
COLD BAY,AK,17.1,2022-11-01
FAIRBANKS,AK,2.8,2022-11-01
GULKANA,AK,3.5,2022-11-01
HOMER,AK,6.9,2022-11-01
JUNEAU,AK,7.6,2022-11-01
KING SALMON,AK,9.6,2022-11-01
KODIAK,AK,12.0,2022-11-01
KOTZEBUE,AK,13.3,2022-11-01
MCGRATH,AK,3.4,2022-11-01
NOME,AK,10.4,2022-11-01
TALKEETNA,AK,4.8,2022-11-01
VALDEZ,AK,7.7,2022-11-01
YAKUTAT,AK,5.8,2022-11-01
FLAGSTAFF,AZ,6.1,2022-11-01
PHOENIX,AZ,4.9,2022-11-01
TUCSON,AZ,7.3,2022-11-01
WINSLOW,AZ,6.4,2022-11-01
FORT SMITH,AR,7.3,2022-11-01
LITTLE ROCK,AR,7.0,2022-11-01
BAKERSFIELD,CA,4.8,2022-11-01
BISHOP,CA,7.1,2022-11-01
BLUE CANYON,CA,5.4,2022-11-01
FRESNO,CA,3.9,2022-11-01
LONG BEACH,CA,4.4,2022-11-01
LOS ANGELES,CA,1.4,2022-11-01
REDDING,CA,5.0,2022-11-01
SACRAMENTO,CA,4.5,2022-11-01
SAN DIEGO,CA,5.1,2022-11-01
SAN FRANCISCO,CA,7.5,2022-11-01
SANTA BARBARA,CA,4.4,2022-11-01
SANTA MARIA,CA,6.3,2022-11-01
STOCKTON,CA,5.7,2022-11-01
ALAMOSA,CO,6.3,2022-11-01
COLORADO SPRINGS,CO,8.9,2022-11-01
DENVER,CO,7.6,2022-11-01
GRAND JUNCTION,CO,6.2,2022-11-01
PUEBLO,CO,7.2,2022-11-01
BRIDGEPORT,CT,9.8,2022-11-01
HARTFORD,CT,7.9,2022-11-01
WILMINGTON,DE,8.5,2022-11-01
WASHINGTON DULLES,DC,7.0,2022-11-01
DAYTONA BEACH,FL,7.2,2022-11-01
FORT MYERS,FL,7.5,2022-11-01
GAINESVILLE,FL,5.9,2022-11-01
JACKSONVILLE,FL,6.4,2022-11-01
KEY WEST,FL,11.1,2022-11-01
MIAMI,FL,8.8,2022-11-01
ORLANDO,FL,8.1,2022-11-01
PENSACOLA,FL,7.9,2022-11-01
TALLAHASSEE,FL,5.4,2022-11-01
TAMPA,FL,7.0,2022-11-01
VERO BEACH,FL,8.6,2022-11-01
WEST PALM BEACH,FL,10.3,2022-11-01
ATHENS,GA,5.9,2022-11-01
ATLANTA,GA,8.3,2022-11-01
AUGUSTA,GA,5.0,2022-11-01
COLUMBUS,GA,5.7,2022-11-01
MACON,GA,5.6,2022-11-01
SAVANNAH,GA,6.5,2022-11-01
HILO,HI,6.4,2022-11-01
HONOLULU,HI,9.7,2022-11-01
KAHULUI,HI,11.7,2022-11-01
LIHUE,HI,13.3,2022-11-01
BOISE,ID,7.0,2022-11-01
LEWISTON,ID,5.7,2022-11-01
POCATELLO,ID,9.7,2022-11-01
CHICAGO,IL,10.6,2022-11-01
MOLINE,IL,9.3,2022-11-01
PEORIA,IL,9.2,2022-11-01
ROCKFORD,IL,10.0,2022-11-01
SPRINGFIELD,IL,10.6,2022-11-01
EVANSVILLE,IN,7.2,2022-11-01
FORT WAYNE,IN,10.0,2022-11-01
INDIANAPOLIS,IN,10.2,2022-11-01
SOUTH BEND,IN,10.0,2022-11-01
DES MOINES,IA,10.5,2022-11-01
DUBUQUE,IA,11.3,2022-11-01
SIOUX CITY,IA,10.8,2022-11-01
WATERLOO,IA,10.4,2022-11-01
CONCORDIA,KS,11.3,2022-11-01
DODGE CITY,KS,12.9,2022-11-01
GOODLAND,KS,11.9,2022-11-01
TOPEKA,KS,8.4,2022-11-01
WICHITA,KS,11.6,2022-11-01
JACKSON,KY,5.4,2022-11-01
LEXINGTON,KY,8.5,2022-11-01
LOUISVILLE,KY,8.1,2022-11-01
PADUCAH,KY,7.5,2022-11-01
BATON ROUGE,LA,6.2,2022-11-01
LAKE CHARLES,LA,7.9,2022-11-01
NEW ORLEANS,LA,8.3,2022-11-01
SHREVEPORT,LA,7.3,2022-11-01
CARIBOU,ME,8.3,2022-11-01
PORTLAND,ME,7.9,2022-11-01
BALTIMORE,MD,7.1,2022-11-01
BOSTON,MA,11.6,2022-11-01
WORCESTER,MA,10.7,2022-11-01
ALPENA,MI,8.2,2022-11-01
DETROIT,MI,10.3,2022-11-01
FLINT,MI,9.8,2022-11-01
GRAND RAPIDS,MI,10.2,2022-11-01
HOUGHTON LAKE,MI,9.0,2022-11-01
LANSING,MI,9.9,2022-11-01
MUSKEGON,MI,11.2,2022-11-01
DULUTH,MN,10.6,2022-11-01
INTERNATIONAL FALLS,MN,8.1,2022-11-01
ROCHESTER,MN,13.2,2022-11-01
SAINT CLOUD,MN,8.7,2022-11-01
JACKSON,MS,6.1,2022-11-01
MERIDIAN,MS,5.8,2022-11-01
TUPELO,MS,6.6,2022-11-01
COLUMBIA,MO,10.4,2022-11-01
KANSAS CITY,MO,11.0,2022-11-01
SPRINGFIELD,MO,10.0,2022-11-01
BILLINGS,MT,11.9,2022-11-01
GLASGOW,MT,9.7,2022-11-01
GREAT FALLS,MT,13.7,2022-11-01
HAVRE,MT,9.9,2022-11-01
HELENA,MT,6.3,2022-11-01
KALISPELL,MT,4.8,2022-11-01
MISSOULA,MT,4.4,2022-11-01
GRAND ISLAND,NE,11.3,2022-11-01
LINCOLN,NE,9.8,2022-11-01
NORFOLK,NE,10.8,2022-11-01
NORTH PLATTE,NE,8.7,2022-11-01
OMAHA,NE,10.4,2022-11-01
SCOTTSBLUFF,NE,9.4,2022-11-01
VALENTINE,NE,9.6,2022-11-01
ELKO,NV,5.0,2022-11-01
ELY,NV,9.0,2022-11-01
LAS VEGAS,NV,6.9,2022-11-01
RENO,NV,5.1,2022-11-01
WINNEMUCCA,NV,7.0,2022-11-01
CONCORD,NH,5.9,2022-11-01
ATLANTIC CITY,NJ,8.7,2022-11-01
NEWARK,NJ,10.0,2022-11-01
ALBUQUERQUE,NM,7.3,2022-11-01
CLAYTON,NM,12.0,2022-11-01
ROSWELL,NM,7.6,2022-11-01
ALBANY,NY,8.2,2022-11-01
BINGHAMTON,NY,9.3,2022-11-01
BUFFALO,NY,11.0,2022-11-01
ISLIP,NY,9.3,2022-11-01
NEW YORK JFK AP,NY,11.7,2022-11-01
ROCHESTER,NY,9.4,2022-11-01
SYRACUSE,NY,9.1,2022-11-01
ASHEVILLE,NC,7.1,2022-11-01
CAPE HATTERAS,NC,9.4,2022-11-01
CHARLOTTE,NC,5.9,2022-11-01
RALEIGH,NC,5.7,2022-11-01
WILMINGTON,NC,7.1,2022-11-01
BISMARCK,ND,9.0,2022-11-01
FARGO,ND,11.5,2022-11-01
GRAND FORKS,ND,10.6,2022-11-01
WILLISTON,ND,8.6,2022-11-01
AKRON,OH,10.0,2022-11-01
CINCINNATI,OH,8.9,2022-11-01
CLEVELAND,OH,10.6,2022-11-01
COLUMBUS,OH,8.1,2022-11-01
DAYTON,OH,10.3,2022-11-01
MANSFIELD,OH,10.8,2022-11-01
TOLEDO,OH,9.4,2022-11-01
YOUNGSTOWN,OH,9.4,2022-11-01
OKLAHOMA CITY,OK,11.9,2022-11-01
TULSA,OK,9.7,2022-11-01
ASTORIA,OR,8.1,2022-11-01
BURNS,OR,5.4,2022-11-01
EUGENE,OR,6.9,2022-11-01
MEDFORD,OR,3.0,2022-11-01
PENDLETON,OR,7.5,2022-11-01
PORTLAND,OR,7.9,2022-11-01
SALEM,OR,7.0,2022-11-01
SEXTON SUMMIT,OR,10.4,2022-11-01
ALLENTOWN,PA,7.4,2022-11-01
ERIE,PA,11.6,2022-11-01
PHILADELPHIA,PA,9.3,2022-11-01
PITTSBURGH,PA,8.1,2022-11-01
AVOCA,PA,7.2,2022-11-01
WILLIAMSPORT,PA,6.7,2022-11-01
PROVIDENCE,RI,9.1,2022-11-01
CHARLESTON,SC,7.3,2022-11-01
COLUMBIA,SC,5.3,2022-11-01
ABERDEEN,SD,10.5,2022-11-01
HURON,SD,10.5,2022-11-01
RAPID CITY,SD,10.3,2022-11-01
SIOUX FALLS,SD,10.3,2022-11-01
CHATTANOOGA,TN,4.7,2022-11-01
KNOXVILLE,TN,5.5,2022-11-01
MEMPHIS,TN,8.0,2022-11-01
NASHVILLE,TN,7.2,2022-11-01
ABILENE,TX,10.8,2022-11-01
AMARILLO,TX,12.7,2022-11-01
AUSTIN,TX,6.2,2022-11-01
BROWNSVILLE,TX,9.4,2022-11-01
CORPUS CHRISTI,TX,11.5,2022-11-01
DALLAS,TX,8.9,2022-11-01
DEL RIO,TX,7.4,2022-11-01
EL PASO,TX,7.3,2022-11-01
GALVESTON,TX,11.1,2022-11-01
HOUSTON,TX,7.4,2022-11-01
LUBBOCK,TX,11.5,2022-11-01
PORT ARTHUR,TX,8.8,2022-11-01
SAN ANGELO,TX,9.3,2022-11-01
SAN ANTONIO,TX,7.5,2022-11-01
VICTORIA,TX,8.9,2022-11-01
WACO,TX,9.7,2022-11-01
WICHITA FALLS,TX,11.1,2022-11-01
SALT LAKE CITY,UT,7.5,2022-11-01
BURLINGTON,VT,9.1,2022-11-01
LYNCHBURG,VA,5.5,2022-11-01
NORFOLK,VA,9.2,2022-11-01
RICHMOND,VA,7.4,2022-11-01
ROANOKE,VA,6.5,2022-11-01
WALLOPS ISLAND,VA,8.6,2022-11-01
OLYMPIA,WA,6.3,2022-11-01
QUILLAYUTE,WA,6.0,2022-11-01
SEATTLE,WA,8.4,2022-11-01
SPOKANE,WA,8.7,2022-11-01
WALLA WALLA,WA,7.4,2022-11-01
YAKIMA,WA,5.0,2022-11-01
BECKLEY,WV,7.6,2022-11-01
CHARLESTON,WV,4.6,2022-11-01
ELKINS,WV,5.0,2022-11-01
HUNTINGTON,WV,6.0,2022-11-01
GREEN BAY,WI,9.4,2022-11-01
LA CROSSE,WI,9.3,2022-11-01
MADISON,WI,8.8,2022-11-01
MILWAUKEE,WI,10.8,2022-11-01
CASPER,WY,13.8,2022-11-01
CHEYENNE,WY,13.1,2022-11-01
LANDER,WY,5.3,2022-11-01
SHERIDAN,WY,6.7,2022-11-01
GUAM,PC,10.6,2022-11-01
KOROR,PC,5.5,2022-11-01
SAN JUAN,PR,6.7,2022-11-01
BIRMINGHAM,AL,6.5,2022-12-01
HUNTSVILLE,AL,7.9,2022-12-01
MOBILE,AL,8.1,2022-12-01
MONTGOMERY,AL,6.5,2022-12-01
ANCHORAGE,AK,6.3,2022-12-01
ANNETTE,AK,9.0,2022-12-01
BARROW,AK,13.1,2022-12-01
BETHEL,AK,12.9,2022-12-01
BETTLES,AK,4.7,2022-12-01
BIG DELTA,AK,12.5,2022-12-01
COLD BAY,AK,17.2,2022-12-01
FAIRBANKS,AK,2.3,2022-12-01
GULKANA,AK,3.3,2022-12-01
HOMER,AK,7.3,2022-12-01
JUNEAU,AK,7.9,2022-12-01
KING SALMON,AK,9.7,2022-12-01
KODIAK,AK,12.4,2022-12-01
KOTZEBUE,AK,12.6,2022-12-01
MCGRATH,AK,2.8,2022-12-01
NOME,AK,10.2,2022-12-01
TALKEETNA,AK,4.9,2022-12-01
VALDEZ,AK,6.8,2022-12-01
YAKUTAT,AK,6.2,2022-12-01
FLAGSTAFF,AZ,6.0,2022-12-01
PHOENIX,AZ,4.7,2022-12-01
TUCSON,AZ,6.9,2022-12-01
WINSLOW,AZ,6.2,2022-12-01
FORT SMITH,AR,7.5,2022-12-01
LITTLE ROCK,AR,7.3,2022-12-01
BAKERSFIELD,CA,4.9,2022-12-01
BISHOP,CA,7.0,2022-12-01
BLUE CANYON,CA,6.1,2022-12-01
FRESNO,CA,4.0,2022-12-01
LONG BEACH,CA,4.4,2022-12-01
LOS ANGELES,CA,1.4,2022-12-01
REDDING,CA,5.8,2022-12-01
SACRAMENTO,CA,5.2,2022-12-01
SAN DIEGO,CA,4.9,2022-12-01
SAN FRANCISCO,CA,7.2,2022-12-01
SANTA BARBARA,CA,4.3,2022-12-01
SANTA MARIA,CA,6.2,2022-12-01
STOCKTON,CA,6.6,2022-12-01
ALAMOSA,CO,5.3,2022-12-01
COLORADO SPRINGS,CO,8.7,2022-12-01
DENVER,CO,7.1,2022-12-01
GRAND JUNCTION,CO,5.3,2022-12-01
PUEBLO,CO,6.9,2022-12-01
BRIDGEPORT,CT,9.9,2022-12-01
HARTFORD,CT,8.0,2022-12-01
WILMINGTON,DE,8.7,2022-12-01
WASHINGTON DULLES,DC,7.0,2022-12-01
DAYTONA BEACH,FL,6.7,2022-12-01
FORT MYERS,FL,7.0,2022-12-01
GAINESVILLE,FL,5.8,2022-12-01
JACKSONVILLE,FL,6.4,2022-12-01
KEY WEST,FL,10.6,2022-12-01
MIAMI,FL,8.3,2022-12-01
ORLANDO,FL,7.7,2022-12-01
PENSACOLA,FL,8.1,2022-12-01
TALLAHASSEE,FL,5.4,2022-12-01
TAMPA,FL,6.7,2022-12-01
VERO BEACH,FL,8.0,2022-12-01
WEST PALM BEACH,FL,9.6,2022-12-01
ATHENS,GA,6.5,2022-12-01
ATLANTA,GA,8.8,2022-12-01
AUGUSTA,GA,5.4,2022-12-01
COLUMBUS,GA,6.0,2022-12-01
MACON,GA,6.0,2022-12-01
SAVANNAH,GA,6.7,2022-12-01
HILO,HI,6.5,2022-12-01
HONOLULU,HI,9.3,2022-12-01
KAHULUI,HI,11.0,2022-12-01
LIHUE,HI,12.7,2022-12-01
BOISE,ID,6.9,2022-12-01
LEWISTON,ID,6.0,2022-12-01
POCATELLO,ID,9.1,2022-12-01
CHICAGO,IL,10.4,2022-12-01
MOLINE,IL,9.1,2022-12-01
PEORIA,IL,8.9,2022-12-01
ROCKFORD,IL,9.6,2022-12-01
SPRINGFIELD,IL,10.4,2022-12-01
EVANSVILLE,IN,7.5,2022-12-01
FORT WAYNE,IN,10.3,2022-12-01
INDIANAPOLIS,IN,10.3,2022-12-01
SOUTH BEND,IN,10.2,2022-12-01
DES MOINES,IA,10.2,2022-12-01
DUBUQUE,IA,10.9,2022-12-01
SIOUX CITY,IA,10.7,2022-12-01
WATERLOO,IA,10.1,2022-12-01
CONCORDIA,KS,10.6,2022-12-01
DODGE CITY,KS,12.4,2022-12-01
GOODLAND,KS,11.7,2022-12-01
TOPEKA,KS,7.9,2022-12-01
WICHITA,KS,10.8,2022-12-01
JACKSON,KY,5.7,2022-12-01
LEXINGTON,KY,8.8,2022-12-01
LOUISVILLE,KY,8.3,2022-12-01
PADUCAH,KY,7.8,2022-12-01
BATON ROUGE,LA,6.7,2022-12-01
LAKE CHARLES,LA,8.5,2022-12-01
NEW ORLEANS,LA,8.7,2022-12-01
SHREVEPORT,LA,7.6,2022-12-01
CARIBOU,ME,8.2,2022-12-01
PORTLAND,ME,8.0,2022-12-01
BALTIMORE,MD,7.4,2022-12-01
BOSTON,MA,12.3,2022-12-01
WORCESTER,MA,11.3,2022-12-01
ALPENA,MI,8.0,2022-12-01
DETROIT,MI,10.5,2022-12-01
FLINT,MI,9.8,2022-12-01
GRAND RAPIDS,MI,10.3,2022-12-01
HOUGHTON LAKE,MI,8.8,2022-12-01
LANSING,MI,10.1,2022-12-01
MUSKEGON,MI,11.0,2022-12-01
DULUTH,MN,10.4,2022-12-01
INTERNATIONAL FALLS,MN,7.5,2022-12-01
ROCHESTER,MN,13.0,2022-12-01
SAINT CLOUD,MN,8.2,2022-12-01
JACKSON,MS,6.8,2022-12-01
MERIDIAN,MS,6.4,2022-12-01
TUPELO,MS,7.1,2022-12-01
COLUMBIA,MO,10.2,2022-12-01
KANSAS CITY,MO,10.5,2022-12-01
SPRINGFIELD,MO,10.0,2022-12-01
BILLINGS,MT,12.9,2022-12-01
GLASGOW,MT,9.4,2022-12-01
GREAT FALLS,MT,14.0,2022-12-01
HAVRE,MT,10.0,2022-12-01
HELENA,MT,5.6,2022-12-01
KALISPELL,MT,4.0,2022-12-01
MISSOULA,MT,4.0,2022-12-01
GRAND ISLAND,NE,11.1,2022-12-01
LINCOLN,NE,9.2,2022-12-01
NORFOLK,NE,10.7,2022-12-01
NORTH PLATTE,NE,8.3,2022-12-01
OMAHA,NE,10.2,2022-12-01
SCOTTSBLUFF,NE,9.4,2022-12-01
VALENTINE,NE,9.4,2022-12-01
ELKO,NV,4.8,2022-12-01
ELY,NV,9.0,2022-12-01
LAS VEGAS,NV,6.6,2022-12-01
RENO,NV,4.9,2022-12-01
WINNEMUCCA,NV,7.0,2022-12-01
CONCORD,NH,6.3,2022-12-01
ATLANTIC CITY,NJ,9.0,2022-12-01
NEWARK,NJ,10.3,2022-12-01
ALBUQUERQUE,NM,6.9,2022-12-01
CLAYTON,NM,11.8,2022-12-01
ROSWELL,NM,7.2,2022-12-01
ALBANY,NY,8.4,2022-12-01
BINGHAMTON,NY,9.5,2022-12-01
BUFFALO,NY,11.5,2022-12-01
ISLIP,NY,9.6,2022-12-01
NEW YORK JFK AP,NY,12.3,2022-12-01
ROCHESTER,NY,9.9,2022-12-01
SYRACUSE,NY,9.4,2022-12-01
ASHEVILLE,NC,7.7,2022-12-01
CAPE HATTERAS,NC,9.7,2022-12-01
CHARLOTTE,NC,6.1,2022-12-01
RALEIGH,NC,6.1,2022-12-01
WILMINGTON,NC,7.3,2022-12-01
BISMARCK,ND,9.0,2022-12-01
FARGO,ND,11.3,2022-12-01
GRAND FORKS,ND,10.7,2022-12-01
WILLISTON,ND,8.6,2022-12-01
AKRON,OH,10.3,2022-12-01
CINCINNATI,OH,9.1,2022-12-01
CLEVELAND,OH,10.7,2022-12-01
COLUMBUS,OH,8.5,2022-12-01
DAYTON,OH,10.5,2022-12-01
MANSFIELD,OH,10.9,2022-12-01
TOLEDO,OH,9.6,2022-12-01
YOUNGSTOWN,OH,9.7,2022-12-01
OKLAHOMA CITY,OK,11.3,2022-12-01
TULSA,OK,9.1,2022-12-01
ASTORIA,OR,8.4,2022-12-01
BURNS,OR,5.0,2022-12-01
EUGENE,OR,7.0,2022-12-01
MEDFORD,OR,3.1,2022-12-01
PENDLETON,OR,7.0,2022-12-01
PORTLAND,OR,9.1,2022-12-01
SALEM,OR,6.9,2022-12-01
SEXTON SUMMIT,OR,11.0,2022-12-01
ALLENTOWN,PA,7.8,2022-12-01
ERIE,PA,11.8,2022-12-01
PHILADELPHIA,PA,9.7,2022-12-01
PITTSBURGH,PA,8.6,2022-12-01
AVOCA,PA,7.4,2022-12-01
WILLIAMSPORT,PA,7.1,2022-12-01
PROVIDENCE,RI,9.3,2022-12-01
CHARLESTON,SC,7.5,2022-12-01
COLUMBIA,SC,5.8,2022-12-01
ABERDEEN,SD,10.4,2022-12-01
HURON,SD,10.5,2022-12-01
RAPID CITY,SD,10.1,2022-12-01
SIOUX FALLS,SD,10.0,2022-12-01
CHATTANOOGA,TN,5.3,2022-12-01
KNOXVILLE,TN,6.1,2022-12-01
MEMPHIS,TN,8.6,2022-12-01
NASHVILLE,TN,7.8,2022-12-01
ABILENE,TX,10.5,2022-12-01
AMARILLO,TX,12.2,2022-12-01
AUSTIN,TX,6.3,2022-12-01
BROWNSVILLE,TX,9.7,2022-12-01
CORPUS CHRISTI,TX,11.6,2022-12-01
DALLAS,TX,8.7,2022-12-01
DEL RIO,TX,7.0,2022-12-01
EL PASO,TX,7.2,2022-12-01
GALVESTON,TX,11.4,2022-12-01
HOUSTON,TX,7.6,2022-12-01
LUBBOCK,TX,11.4,2022-12-01
PORT ARTHUR,TX,9.2,2022-12-01
SAN ANGELO,TX,9.3,2022-12-01
SAN ANTONIO,TX,7.4,2022-12-01
VICTORIA,TX,9.3,2022-12-01
WACO,TX,9.5,2022-12-01
WICHITA FALLS,TX,10.6,2022-12-01
SALT LAKE CITY,UT,6.9,2022-12-01
BURLINGTON,VT,8.9,2022-12-01
LYNCHBURG,VA,5.7,2022-12-01
NORFOLK,VA,9.4,2022-12-01
RICHMOND,VA,7.5,2022-12-01
ROANOKE,VA,7.1,2022-12-01
WALLOPS ISLAND,VA,8.5,2022-12-01
OLYMPIA,WA,5.9,2022-12-01
QUILLAYUTE,WA,6.0,2022-12-01
SEATTLE,WA,8.4,2022-12-01
SPOKANE,WA,7.9,2022-12-01
WALLA WALLA,WA,7.1,2022-12-01
YAKIMA,WA,4.1,2022-12-01
BECKLEY,WV,8.0,2022-12-01
CHARLESTON,WV,5.2,2022-12-01
ELKINS,WV,5.4,2022-12-01
HUNTINGTON,WV,6.3,2022-12-01
GREEN BAY,WI,9.2,2022-12-01
LA CROSSE,WI,8.6,2022-12-01
MADISON,WI,8.4,2022-12-01
MILWAUKEE,WI,10.6,2022-12-01
CASPER,WY,15.1,2022-12-01
CHEYENNE,WY,13.7,2022-12-01
LANDER,WY,4.8,2022-12-01
SHERIDAN,WY,6.7,2022-12-01
GUAM,PC,11.9,2022-12-01
KOROR,PC,6.0,2022-12-01
SAN JUAN,PR,7.6,2022-12-01
